website,blocked_status_code,blocked_redirect_url
https://www.musiciansfriend.com,200,
https://www.sltrib.com,200,
https://www.winnipegfreepress.com,200,
https://www.brandonsun.com,200,
https://www.faceplusplus.com,200,
https://wgntv.com,200,
https://pix11.com,200,
https://ktla.com,200,
https://phl17.com,200,
https://cw33.com,200,
https://q13fox.com,200,
http://sflcw.com,200,
https://kdvr.com,200,
https://fox8.com,200,
https://fox40.com,200,
https://fox5sandiego.com,200,
https://kplr11.com,200,
https://fox2now.com,200,
http://portlandscw.com,200,
https://fox59.com,200,
https://cbs4indy.com,200,
https://fox61.com,200,
https://fox4kc.com,200,
https://fox13now.com,200,
https://fox6now.com,200,
https://fox17online.com,200,
https://kfor.com,200,
https://fox43.com,200,
https://wtkr.com,200,
https://myfox8.com,200,
https://wreg.com,200,
https://wgno.com,200,
https://wnep.com,200,
https://wtvr.com,200,
https://whotv.com,200,
https://whnt.com,200,
https://wqad.com,200,
https://5newsonline.com,200,
https://wgnradio.com,200,
https://cltv.com,200,
https://cw39.com,200,
https://dcw50.com,200,
https://wgem.com,200,
http://www.news9.com,200,
http://www.newson6.com,200,
http://www.tulsacw.com,200,
https://www.kcci.com,200,
https://www.kcra.com,200,
https://www.ketv.com,200,
http://www.4029tv.com,200,
https://www.kmbc.com,200,
https://www.koat.com,200,
https://www.koco.com,200,
https://www.ksbw.com,200,
https://www.wapt.com,200,
https://www.wbaltv.com,200,
https://www.wcvb.com,200,
https://www.wdsu.com,200,
https://www.wesh.com,200,
https://www.wgal.com,200,
https://www.wisn.com,200,
https://www.wjcl.com,200,
https://www.wlky.com,200,
https://www.wlwt.com,200,
https://www.mor-tv.com,200,
https://www.wmtw.com,200,
https://www.wmur.com,200,
https://www.wpbf.com,200,
https://www.mynbc5.com,200,
https://www.wtae.com,200,
https://www.wvtm13.com,200,
https://www.wxii12.com,200,
https://www.wyff4.com,200,
http://www.wbal.com,200,
https://kbjr6.com,200,
https://ktiv.com,200,
https://kttc.com,200,
https://kwwl.com,200,
https://myfox47.com,200,
https://waow.com,200,
https://wbng.com,200,
https://week.com,200,
https://wkow.com,200,
https://wpta21.com,200,
https://wqow.com,200,
https://wrex.com,200,
https://wvva.com,200,
https://wxow.com,200,
https://www.dallasnews.com,200,
https://sportsday.dallasnews.com,200,
https://www.post-gazette.com,200,
https://www.ellos.us,200,
https://www.fullbeauty.com,200,
https://www.jessicalondon.com,200,
https://www.brylanehome.com,200,
https://www.cgtn.com,200,
https://hoiabc.com,200,
https://www.ncaa.com,301,https://international.ncaa.com
https://www.citypaper.com,302,http://www.tribpub.com/gdpr/citypaper.com
https://www.baltimoresun.com,302,http://www.tribpub.com/gdpr/baltimoresun.com
https://www.carrollcountytimes.com,302,http://www.tribpub.com/gdpr/carrollcountytimes.com
https://www.capitalgazette.com,302,http://www.tribpub.com/gdpr/capitalgazette.com
https://www.chicagotribune.com,302,http://www.tribpub.com/gdpr/chicagotribune.com
https://www.dailypress.com,302,http://www.tribpub.com/gdpr/dailypress.com
https://www.courant.com,302,http://www.tribpub.com/gdpr/courant.com
https://www.instapaper.com,302,/gdpr
http://www.latimes.com,302,http://www.tribpub.com/gdpr/latimes.com
http://www.nydailynews.com,302,http://www.tribpub.com/gdpr/nydailynews.com
https://www.orlandosentinel.com,302,http://www.tribpub.com/gdpr/orlandosentinel.com
https://www.sun-sentinel.com,302,http://www.tribpub.com/gdpr/sun-sentinel.com
https://www.mcall.com,302,http://www.tribpub.com/gdpr/mcall.com
https://www.sandiegouniontribune.com,302,http://www.tribpub.com/gdpr/sandiegouniontribune.com
https://unroll.me,302,https://gdpr-eu.unroll.me
https://www.newsday.com,302,https://projects.newsday.com/gdpr
http://www.gannett.com,302,http://eu-message.usatoday.com
https://www.baseballhq.com,302,https://eu-message.usatoday.com
https://www.amny.com,302,https://projects.newsday.com/gdpr
https://www.adn.com,302,https://www.adn.com/redirect-gdpr/?outputType=noscript
https://www.ctnow.com,302,http://www.tribpub.com/gdpr/ctnow.com
https://tubitv.com,302,https://gdpr.tubi.tv
https://investorjunkie.com,302,https://welcome.investorjunkie.com/not-available/?url
https://marketing.usatoday.com ,302,https://eu-message.usatoday.com
https://motosport.com,302,https://static-content.motosport.com/GDPR/index.html
https://krispykreme.com,302,/legal/gdpr-notice
https://spoonuniversity.com,302,https://gdpr.spoonuniversity.com
https://www.vagazette.com,302,http://www.tribpub.com/gdpr/vagazette.com
http://www.airthinx.io,403,
http://americanmilitarynews.com,403,
https://www.bangordailynews.com,403,
https://food52.com,403,
http://www.tootimid.com,403,
http://www.wickedlocal.com,403,
http://www.swtimes.com,403,
http://www.stuttgartdailyleader.com,403,
https://www.lubbockonline.com,403,
https://www.amarillo.com,403,
http://www.providencejournal.com,403,
http://abington.wickedlocal.com,403,
http://www.aledotimesrecord.com,403,
https://www.alicetx.com,403,
http://allston.wickedlocal.com,403,
http://www.amestrib.com,403,
http://arlington.wickedlocal.com,403,
https://www.onlineathens.com,403,
http://www.auroraadvertiser.net,403,
http://www.barnesville-enterprise.com,403,
https://www.examiner-enterprise.com,403,
http://www.bastropenterprise.com,403,
http://www.beauregarddailynews.net,403,
http://www.timesonline.com,403,
http://bedford.wickedlocal.com,403,
http://belmont.wickedlocal.com,403,
http://www.bcdemocratonline.com,403,
http://beverly.wickedlocal.com,403,
http://billerica.wickedlocal.com,403,
https://www.blufftontoday.com,403,
http://www.newsrepublican.com,403,
http://www.boonevilledemocrat.com,403,
http://www.boonvilledailynews.com,403,
http://www.linkbostonhomes.com,403,
http://bourne.wickedlocal.com,403,
http://braintree.wickedlocal.com,403,
http://bridgewater.wickedlocal.com,403,
http://brookline.wickedlocal.com,403,
https://www.brownwoodtx.com,403,
http://www.buckscountycouriertimes.com,403,
http://www.burlingtoncountytimes.com,403,
http://burlington.wickedlocal.com,403,
http://www.butlercountytimesgazette.com,403,
http://www.cambridgechron.com,403,
http://cambridge.wickedlocal.com,403,
http://canton.wickedlocal.com,403,
http://gloucester.wickedlocal.com,403,
https://www.capecodtimes.com,403,
http://www.thecarbondalenews.com,403,
http://carver.wickedlocal.com,403,
http://www.charlestonexpress.com,403,
http://www.cheboygannews.com,403,
http://chelmsford.wickedlocal.com,403,
http://www.sekvoice.com,403,
http://www.chillicothetimesbulletin.com,403,
http://cohasset.wickedlocal.com,403,
http://www.columbiatribune.com,403,
http://www.chillicothenews.com,403,
http://bellingham.wickedlocal.com,403,
https://www.crestviewbulletin.com,403,
http://www.crookstontimes.com,403,
https://www.ardmoreite.com,403,
https://www.dailycommercial.com,403,
http://www.mpnnow.com,403,
http://www.reviewatlas.com,403,
http://www.adelnews.com,403,
http://danvers.wickedlocal.com,403,
http://dedham.wickedlocal.com,403,
http://www.devilslakejournal.com,403,
http://www.dodgeglobe.com,403,
http://www.donaldsonvillechief.com,403,
http://www.doverpost.com,403,
http://dover.wickedlocal.com,403,
http://www.eastpeoriatimescourier.com,403,
http://easton.wickedlocal.com,403,
http://www.echo-pilot.com,403,
https://www.edinburgreview.com,403,
http://www.ellwoodcityledger.com,403,
http://www.goerie.com,403,
http://www.fosters.com,403,
http://www.fowlertribune.com,403,
http://www.galvanews.com,403,
http://www.dansvilleonline.com,403,
http://www.geneseorepublic.com,403,
http://georgetown.wickedlocal.com,403,
https://www.yourglenrosetx.com,403,
http://www.weeklycitizen.com,403,
https://www.grandlakenews.com,403,
http://www.granitefallsnews.com,403,
http://www.greenwooddemocrat.com,403,
http://www.thegurdontimes.com,403,
http://plympton.wickedlocal.com,403,
http://www.hamburgreporter.com,403,
http://hamilton.wickedlocal.com,403,
http://www.hannibal.net,403,
http://hanover.wickedlocal.com,403,
https://www.havenews.com,403,
https://www.blueridgenow.com,403,
http://heralddemocrat.com,403,
https://www.goupstate.com,403,
https://www.heraldtribune.com,403,
http://www.hillsdale.net,403,
http://www.hockessincommunitynews.com,403,
http://holbrook.wickedlocal.com,403,
http://www.hopestar.com,403,
http://www.hsvvoice.com,403,
https://www.houmatoday.com,403,
http://hudson.wickedlocal.com,403,
http://www.sentinel-standard.com,403,
http://ipswich.wickedlocal.com,403,
http://www.jacksonnewspapers.com,403,
https://www.pjstar.com,403,
http://kingston.wickedlocal.com,403,
http://www.kiowacountysignal.com,403,
http://www.kirksvilledailyexpress.com,403,
http://www.lajuntatribunedemocrat.com,403,
http://www.leavenworthtimes.com,403,
http://www.leesvilledailyleader.com,403,
http://lexington.wickedlocal.com,403,
http://lincoln.wickedlocal.com,403,
http://www.linncountyleader.com,403,
http://littleton.wickedlocal.com,403,
https://www.thecabin.net,403,
http://malden.wickedlocal.com,403,
http://mansfield.wickedlocal.com,403,
http://marblehead.wickedlocal.com,403,
http://marlborough.wickedlocal.com,403,
http://marshfield.wickedlocal.com,403,
http://rockland.wickedlocal.com,403,
http://medfield.wickedlocal.com,403,
http://medford.wickedlocal.com,403,
http://melrose.wickedlocal.com,403,
https://www.miamiok.com,403,
http://www.middletowntranscript.com,403,
https://www.midlothianmirror.com,403,
http://www.milfordbeacon.com,403,
http://www.newstribune.info,403,
http://www.moberlymonitor.com,403,
http://www.monroecopost.com,403,
http://www.montenews.com,403,
http://www.morningsun.net,403,
http://www.mortontimesnews.com,403,
http://www.moscowvillager.com,403,
http://www.mtshastanews.com,403,
http://www.mytownneo.com,403,
http://natick.wickedlocal.com,403,
http://www.ncnewspress.com,403,
http://needham.wickedlocal.com,403,
http://www.neoshodailynews.com,403,
http://www.nevadaiowajournal.com,403,
http://newburyport.wickedlocal.com,403,
http://www.newcomerstown-news.com,403,
http://www.newportindependent.com,403,
https://www.newschief.com,403,
http://www.neagle.com,403,
http://www.pressmentor.com,403,
http://newton.wickedlocal.com,403,
http://northandover.wickedlocal.com,403,
http://northattleborough.wickedlocal.com,403,
http://www.northneighbornews.com,403,
https://www.nwfdailynews.com,403,
http://norwell.wickedlocal.com,403,
http://norwood.wickedlocal.com,403,
https://www.recordstar.com,403,
https://www.uticaod.com,403,
https://www.ocala.com,403,
http://plymouth.wickedlocal.com,403,
http://www.olneydailymail.com,403,
http://www.oriongazette.com,403,
https://www.newsherald.com,403,
http://www.paris-express.com,403,
https://www.pawhuskajournalcapital.com,403,
http://www.pekintimes.com,403,
http://pembroke.wickedlocal.com,403,
http://www.theperrychief.com,403,
http://www.picayune-times.com,403,
http://www.pbcommercial.com,403,
http://www.poconorecord.com,403,
http://www.seacoastonline.com,403,
http://www.postsouth.com,403,
http://www.pressargus.com,403,
https://www.prosperpressnews.com,403,
http://provincetown.wickedlocal.com,403,
http://randolph.wickedlocal.com,403,
http://raynham.wickedlocal.com,403,
http://www.therecordherald.com,403,
https://www.record-courier.com,403,
http://www.redwoodfallsgazette.com,403,
http://www.rrstar.com,403,
http://www.therolladailynews.com,403,
http://roslindale.wickedlocal.com,403,
https://www.runnelscountyregister.com,403,
http://salem.wickedlocal.com,403,
http://www.salina.com,403,
https://www.srpressgazette.com,403,
http://saugus.wickedlocal.com,403,
https://www.savannahnow.com,403,
http://scituate.wickedlocal.com,403,
http://sharon.wickedlocal.com,403,
https://www.news-star.com,403,
http://shrewsbury.wickedlocal.com,403,
http://www.siskiyoudaily.com,403,
http://www.sleepyeyenews.com,403,
http://www.scsuntimes.com,403,
http://somerville.wickedlocal.com,403,
http://www.stjamesnews.com,403,
http://www.sjnewsonline.com,403,
http://www.starcourier.com,403,
https://www.starnewsonline.com,403,
https://www.yourstephenvilletx.com,403,
http://www.steubencourier.com,403,
http://stoneham.wickedlocal.com,403,
http://stoughton.wickedlocal.com,403,
http://www.sturgisjournal.com,403,
https://www.newbernsj.com,403,
http://www.sussexcountian.com,403,
http://swampscott.wickedlocal.com,403,
http://www.journaldemocrat.com,403,
http://www.taftmidwaydriller.com,403,
http://www.tauntongazette.com,403,
https://www.telegram.com,403,
http://www.teutopolispress.com,403,
http://tewksbury.wickedlocal.com,403,
https://www.the-review.com,403,
https://www.amtrib.com,403,
https://www.apalachtimes.com,403,
https://www.augustachronicle.com,403,
http://www.barnstablepatriot.com,403,
http://acton.wickedlocal.com,403,
http://maynard.wickedlocal.com,403,
http://www.norwichbulletin.com,403,
http://falmouth.wickedlocal.com,403,
http://brewster.wickedlocal.com,403,
http://www.carmitimes.com,403,
http://www.carthagepress.com,403,
http://www.chronicle-express.com,403,
http://www.advocatepress.com,403,
https://www.dispatch.com,403,
http://concord.wickedlocal.com,403,
http://www.lincolncourier.com,403,
https://www.courier-tribune.com,403,
https://www.columbiadailyherald.com,403,
http://www.ridgecrestca.com,403,
https://www.daily-jeff.com,403,
http://www.pontiacdailyleader.com,403,
http://www.cantondailyledger.com,403,
https://www.jdnews.com,403,
https://www.the-daily-record.com,403,
http://www.thedailyreporter.com,403,
http://www.siftingsherald.com,403,
http://www.lenconnect.com,403,
https://www.news-journalonline.com,403,
https://www.thedestinlog.com,403,
https://www.the-dispatch.com,403,
https://www.enterprisenews.com,403,
http://www.eveningtribune.com,403,
http://www.examiner.net,403,
https://www.fayobserver.com,403,
https://www.jacksonville.com,403,
https://www.kinston.com,403,
https://www.gadsdentimes.com,403,
https://www.gainesville.com,403,
http://www.gctelegram.com,403,
https://www.gastongazette.com,403,
http://www.gridleyherald.com,403,
http://www.thehawkeye.com,403,
http://www.hdnews.net,403,
http://www.helena-arkansas.com,403,
http://www.heraldnews.com,403,
http://www.timestelegram.com,403,
http://hingham.wickedlocal.com,403,
http://hollandsentinel.com,403,
http://hopkinton.wickedlocal.com,403,
http://www.hutchnews.com,403,
https://www.indeonline.com,403,
http://www.ack.net,403,
http://www.theintell.com,403,
http://www.journalstandard.com,403,
http://www.lakenewsonline.com,403,
http://www.the-leader.com,403,
https://www.theledger.com,403,
http://www.mcdonoughvoice.com,403,
http://www.mcphersonsentinel.com,403,
http://metrowestdailynews.com,403,
http://www.mexicoledger.com,403,
http://www.milforddailynews.com,403,
https://www.mayportmirror.com,403,
http://www.monroenews.com,403,
http://www.thekansan.com,403,
https://www.oakridger.com,403,
http://www.ottawaherald.com,403,
http://www.patriotledger.com,403,
http://www.progress-index.com,403,
http://reading.wickedlocal.com,403,
http://recordnet.com,403,
https://www.registerguard.com,403,
http://www.galesburg.com,403,
https://www.cantonrep.com,403,
http://sandwich.wickedlocal.com,403,
http://www.sooeveningnews.com,403,
http://marion.wickedlocal.com,403,
https://www.staugustine.com,403,
http://www.southcoasttoday.com,403,
https://www.starfl.com,403,
https://www.shelbystar.com,403,
http://www.sj-r.com,403,
http://www.thesuburbanite.com,403,
http://sudbury.wickedlocal.com,403,
http://www.thesuntimes.com,403,
https://www.thetimesnews.com,403,
https://www.timesreporter.com,403,
https://www.cjonline.com,403,
https://www.tuscaloosanews.com,403,
http://northborough.wickedlocal.com,403,
https://www.waltonsun.com,403,
http://wayland.wickedlocal.com,403,
http://www.wayneindependent.com,403,
http://wellesley.wickedlocal.com,403,
http://westborough.wickedlocal.com,403,
http://weston.wickedlocal.com,403,
https://www.dailycomet.com,403,
http://www.thisweeknews.com,403,
https://www.recordonline.com,403,
https://www.times-gazette.com,403,
https://www.topsailadvertiser.com,403,
http://boxford.wickedlocal.com,403,
https://www.yourvalleyvoice.com,403,
https://www.vanalstyneleader.com,403,
http://www.vanburencountydem.com,403,
http://www.vvdailypress.com,403,
http://wakefield.wickedlocal.com,403,
http://walpole.wickedlocal.com,403,
http://waltham.wickedlocal.com,403,
http://wareham.wickedlocal.com,403,
https://www.chipleypaper.com,403,
http://www.washingtontimesreporter.com,403,
http://watertown.wickedlocal.com,403,
https://www.waxahachietx.com,403,
http://www.waynepost.com,403,
http://www.waynesvilledailyguide.com,403,
http://www.wellingtondailynews.com,403,
http://www.wellsvilledaily.com,403,
http://west-roxbury.wickedlocal.com,403,
http://westford.wickedlocal.com,403,
http://westwood.wickedlocal.com,403,
http://weymouth.wickedlocal.com,403,
http://www.whitehalljournal.com,403,
http://wilmington.wickedlocal.com,403,
http://winchester.wickedlocal.com,403,
http://woburn.wickedlocal.com,403,
http://www.woodfordtimes.com,403,
https://www.billoreilly.com,403,
https://goblackfin.com,403,
https://www.flexonline.com,403,
https://www.globemagazine.com,403,
https://www.mensjournal.com,403,
https://www.muscleandfitness.com,403,
https://www.nationalenquirer.com,403,
https://radaronline.com,403,
https://www.soapoperadigest.com,403,
https://starmagazine.com,403,
https://www.usmagazine.com,403,
https://www.americanmediainc.com,403,
https://www.yourobserver.com,403,
https://www.businessobserverfl.com,403,
https://www.jaxdailyrecord.com,403,
https://www.ormondbeachobserver.com,403,
https://www.palmcoastobserver.com,403,
https://www.plantcityobserver.com,403,
https://www.portorangeobserver.com,403,
https://www.orangeobserver.com,403,
https://agdealer.com,403,
https://farmmedia.com,403,
http://albertafarmexpress.ca,403,
http://canadiancattlemen.ca,403,
http://country-guide.ca,403,
https://farmzilla.com,403,
http://foodincanada.com,403,
http://grainews.ca,403,
http://lebulletin.com,403,
http://manitobacooperator.ca,403,
http://agcanada.com,403,
http://producer.com,403,
http://www.weatherfarm.com,403,
https://www.jaxairnews.com,403,
http://www.augustagazette.com,403,
http://www.eldoradotimes.com,403,
http://www.pratttribune.com,403,
http://fiddleheadfocus.com,403,
http://www.thegardnernews.com,403,
https://www.thv11.com,403,
https://www.abc10.com,403,
https://www.9news.com,403,
https://www.wusa9.com,403,
https://www.firstcoastnews.com,403,
https://www.wtsp.com,403,
https://www.11alive.com,403,
https://www.13wmaz.com,403,
https://www.whas11.com,403,
https://www.wwltv.com,403,
https://www.wzzm13.com,403,
https://www.kare11.com,403,
https://www.ksdk.com,403,
https://www.wcnc.com,403,
https://www.wfmynews2.com,403,
https://www.wgrz.com,403,
http://www.wkyc.com,403,
https://www.kgw.com,403,
https://www.wltx.com,403,
https://www.wbir.com,403,
https://www.fox15abilene.com,403,
https://www.kvue.com,403,
https://www.12newsnow.com,403,
http://www.kagstv.com,403,
http://www.kiiitv.com,403,
https://www.wfaa.com,403,
https://www.khou.com,403,
https://www.kens5.com,403,
https://www.cbs19.tv,403,
https://www.kcentv.com,403,
http://www.13newsnow.com,403,
https://www.king5.com,403,
https://www.krem.com,403,
https://www.empiretoday.com,403,
https://www.shoes.com,403,
https://www.ktvb.com,403,
http://www.groupetva.ca,403,
http://tva.canoe.ca,403,
https://countrymedia.net,403,
https://northcoastcitizen.com,403,
https://www.cavaliercountyextra.com,403,
https://www.adamscountyextra.com,403,
http://www.journaldequebec.com,403,
https://www.autoweb.com,403,
http://www.auburnjournal.com,403,
https://www.placerherald.com,403,
https://www.99acres.com,412,
https://ultimategarage.com,412,
http://www.atchisonglobenow.com,451,
https://azdailysun.com,451,
http://www.caranddriver.com,451,
http://www.ctpost.com,451,
http://www.theintelligencer.com,451,
http://www.greenwichtime.com,451,
http://www.michigansthumb.com,451,
https://www.ilnews.org,451,
https://journaltimes.com,451,
http://www.lmtonline.com,451,
https://lee.net,451,
http://www.ourmidland.com,451,
http://www.mrt.com,451,
https://www.militarynews.com,451,
http://www.nhregister.com,451,
https://www.omaha.com,451,
http://www.myplainview.com,451,
https://napavalleyregister.com,451,
https://rapidcityjournal.com,451,
https://www.richmond.com,451,
http://www.seattlepi.com,451,
https://www.stltoday.com,451,
http://www.stamfordadvocate.com,451,
https://www.albanyherald.com,451,
https://www.beaumontenterprise.com,451,
https://www.bryantimes.com,451,
https://www.newburyportnews.com,451,
https://www.dailyprogress.com,451,
http://www.middletownpress.com,451,
http://www.newstimes.com,451,
http://www.thehour.com,451,
http://www.oudaily.com,451,
https://www.postandcourier.com,451,
https://www.registercitizen.com,451,
http://www.thetelegraph.com,451,
https://pilotonline.com,451,
https://www.thevindicator.com,451,
https://www.wacotrib.com,451,
https://tucson.com,451,
https://lompocrecord.com,451,
https://santamariatimes.com,451,
https://magicvalley.com,451,
https://www.pantagraph.com,451,
https://thesouthern.com,451,
https://herald-review.com,451,
https://qconline.com,451,
https://www.daily-journal.com,451,
https://jg-tc.com,451,
https://www.nwitimes.com,451,
https://qctimes.com,451,
https://globegazette.com,451,
https://muscatinejournal.com,451,
https://wcfcourier.com,451,
https://www.winonadailynews.com,451,
https://dailyjournalonline.com,451,
https://billingsgazette.com,451,
https://mtstandard.com,451,
https://ravallirepublic.com,451,
https://helenair.com,451,
https://missoulian.com,451,
https://beatricedailysun.com,451,
https://missoulanews.com,451,
https://columbustelegram.com,451,
https://fremonttribune.com,451,
https://journalstar.com,451,
https://elkodaily.com,451,
https://auburnpub.com,451,
https://poststar.com,451,
https://bismarcktribune.com,451,
https://democratherald.com,451,
https://theworldlink.com,451,
https://www.gazettetimes.com,451,
https://lebanon-express.com,451,
https://cumberlink.com,451,
https://thetandd.com,451,
https://tdn.com,451,
https://lacrossetribune.com,451,
https://chippewa.com,451,
https://madison.com,451,
https://www.wiscnews.com,451,
https://trib.com,451,
https://www.edmondsun.com,451,
https://www.indiawest.com,451,
https://www.eagletribune.com,451,
https://www.tribdem.com,451,
https://www.joplinglobe.com,451,
https://www.times-news.com,451,
https://www.salemnews.com,451,
https://www.register-herald.com,451,
https://www.tribstar.com,451,
http://www.heraldbulletin.com,451,
http://www.kokomotribune.com,451,
http://www.mankatofreepress.com,451,
https://www.sharonherald.com,451,
https://www.bdtonline.com,451,
http://www.southernminn.com,451,
https://lancasteronline.com,451,
http://www.hastingstribune.com,451,
http://www.technicianonline.com,451,
http://www.ccenterdispatch.com,451,
http://blog.chron.com,451,
http://www.agrinews-pubs.com,451,
https://www.theeagle.com,451,
https://www.journalnow.com,451,
https://www.greensboro.com,451,
https://www.roanoke.com,451,
https://www.tulsaworld.com,451,
https://www.pressofatlanticcity.com,451,
http://www.independentri.com,451,
https://www.mysuncoast.com,451,
https://www.murrayledger.com,451,
https://www.anchoragepress.com,451,
https://www.bgdailynews.com,451,
https://www.southbendtribune.com,451,
http://www.hidesertstar.com,451,
http://www.newsminer.com,451,
http://www.kodiakdailymirror.com,451,
https://www.pvnews.com,451,
http://tbrnews.com,451,
http://www.gazettes.com,451,
http://www.pressandguide.com,451,
http://www.voicenews.com,451,
http://www.thenewsherald.com,451,
http://www.southjerseylocalnews.com,451,
http://www.cnweekly.com,451,
http://www.mainlinemedianews.com,451,
http://www.buckslocalnews.com,451,
http://www.montgomerynews.com,451,
http://www.delconewsnetwork.com,451,
http://www.marinscope.com,451,
https://www.wvgazettemail.com,451,
https://www.westport-news.com,451,
https://www.agupdate.com,451,
http://www.uatrav.com,451,
http://www.laloyolan.com,451,
https://www.alligator.org,451,
http://www.manoanow.org,451,
http://www.videtteonline.com,451,
https://northernstar.info,451,
https://www.purdueexponent.org,451,
http://www.iowastatedaily.com,451,
http://www.kansan.com,451,
http://www.washburnreview.org,451,
http://www.kykernel.com,451,
https://wkuherald.com,451,
http://www.thetrailblazeronline.net,451,
http://www.lsunow.com,451,
http://www.southerndigest.com,451,
https://www.thevermilion.com,451,
http://www.westernherald.com,451,
https://www.thesouthend.wayne.edu,451,
http://www.reflector-online.com,451,
https://www.thechartonline.com,451,
https://www.nwmissourinews.com,451,
http://www.montanakaimin.com,451,
http://www.dailynebraskan.com,451,
http://www.thepauwwow.org,451,
http://www.thecolgatemaroonnews.com,451,
http://www.ioniannews.com,451,
http://www.theeastcarolinian.com,451,
https://www.bgfalconmedia.com,451,
http://www.ocolly.com,451,
http://www.orangemedianetwork.com,451,
https://www.collegian.psu.edu,451,
http://www.villanovan.com,451,
http://www.thetigernews.com,451,
http://www.leeclarion.com,451,
http://www.dailyhelmsman.com,451,
http://www.thebatt.com,451,
http://www.dailytoreador.com,451,
http://www.mypatriotnews.com,451,
http://www.collegiatetimes.com,451,
http://www.dailyuw.com,451,
http://www.thedaonline.com,451,
http://www.winchesterstar.com,451,
http://www.kmaland.com,451,
http://www.newspressnow.com,451,
https://www.bakersfield.com,451,
https://www.aberdeennews.com,451,
https://siouxcityjournal.com,451,
http://www.phillytrib.com,451,
http://www.mingomessenger.com,451,
https://www.free-times.com,451,
https://www.southstrandnews.com,451,
https://www.moultrienews.com,451,
https://www.northaugustastar.com,451,
https://www.aikenstandard.com,451,
https://www.kingstreenews.com,451,
https://www.berkeleyind.com,451,
https://www.ourgazette.com,451,
https://www.journalscene.com,451,
https://www.frontiersman.com,451,
https://www.willcoxrangenews.com,451,
https://www.myheraldreview.com,451,
https://www.nogalesinternational.com,451,
https://www.eacourier.com,451,
https://www.douglasdispatch.com,451,
https://www.gvnews.com,451,
https://www.parkerpioneer.net,451,
https://www.bensonnews-sun.com,451,
https://www.sahuaritasun.com,451,
https://www.havasunews.com,451,
https://www.montrosepress.com,451,
https://www.argusobserver.com,451,
https://www.iberianet.com,451,
https://www.sidneyherald.com,451,
https://www.willistonherald.com,451,
https://www.capjournal.com,451,
https://www.hmbreview.com,451,
https://www.wahpetondailynews.com,451,
https://www.myjournalcourier.com,451,
https://www.kenoshanews.com,451,
http://www.thesunchronicle.com,451,
http://www.lakegenevanews.net,451,
https://www.cnhi.com,451,
https://www.enewscourier.com,451,
https://www.cullmantimes.com,451,
https://www.njeffersonnews.com,451,
https://www.newsaegis.com,451,
https://www.suwanneedemocrat.com,451,
https://www.unionrecorder.com,451,
https://www.moultrieobserver.com,451,
https://www.timesenterprise.com,451,
https://www.valdostadailytimes.com,451,
https://www.tiftongazette.com,451,
https://www.dailyiowegian.com,451,
https://www.clintonherald.com,451,
https://www.oskaloosa.com,451,
https://www.ottumwacourier.com,451,
https://www.journalexpress.net,451,
https://www.pellachronicle.com,451,
https://www.commercial-news.com,451,
https://www.effinghamdailynews.com,451,
https://www.shelbyvilledailyunion.com,451,
https://www.goshennews.com,451,
https://www.greensburgdailynews.com,451,
https://www.newsandtribune.com,451,
https://www.reporter.net,451,
https://www.pharostribune.com,451,
https://www.washtimesherald.com,451,
https://www.rushvillerepublican.com,451,
https://www.flyergroup.com,451,
https://www.batesvilleheraldtribune.com,451,
https://www.timessentinel.com,451,
https://www.farmtalknewspaper.com,451,
https://www.dailyindependent.com,451,
https://www.thetimestribune.com,451,
https://www.glasgowdailytimes.com,451,
https://www.richmondregister.com,451,
https://www.somerset-kentucky.com,451,
http://www.journal-times.com,451,
https://www.sentinel-echo.com,451,
https://www.wcoutlook.com,451,
https://www.themoreheadnews.com,451,
https://www.gloucestertimes.com,451,
https://www.andovertownsman.com,451,
https://www.hgazette.com,451,
https://www.record-eagle.com,451,
https://www.homemagonline.com,451,
https://www.thelandonline.com,451,
https://www.meridianstar.com,451,
https://www.carriagetownenews.com,451,
https://www.derrynews.com,451,
https://www.lockportjournal.com,451,
https://www.niagara-gazette.com,451,
https://www.thedailystar.com,451,
https://www.pressrepublican.com,451,
https://www.coopercrier.com,451,
http://www.starbeacon.com,451,
https://www.theadanews.com,451,
https://www.claremoreprogress.com,451,
https://www.duncanbanner.com,451,
https://www.enidnews.com,451,
https://www.mcalesternews.com,451,
https://www.muskogeephoenix.com,451,
https://www.normantranscript.com,451,
https://www.stwnewspress.com,451,
https://www.tahlequahdailypress.com,451,
https://www.woodwardnews.net,451,
https://www.chickashanews.com,451,
https://www.mooreamerican.com,451,
https://www.paulsvalleydailydemocrat.com,451,
https://www.meadvilletribune.com,451,
http://www.ncnewsonline.com,451,
https://www.dailyitem.com,451,
https://www.alliednews.com,451,
https://www.crossville-chronicle.com,451,
https://www.athensreview.com,451,
https://www.cleburnetimesreview.com,451,
https://www.corsicanadailysun.com,451,
https://www.gainesvilleregister.com,451,
https://www.heraldbanner.com,451,
https://www.itemonline.com,451,
https://www.palestineherald.com,451,
https://www.weatherforddemocrat.com,451,
https://www.jacksonvilleprogress.com,451,
https://www.mineralwellsindex.com,451,
https://www.rockwallheraldbanner.com,451,
https://www.roysecityheraldbanner.com,451,
https://www.timeswv.com,451,
https://www.montgomery-herald.com,451,
https://www.fayettetribune.com,451,
https://www.ptonline.net,451,
https://www.elvocero.com,451,
https://www.dentonrc.com,451,
http://www.aimmediatexas.com,451,
https://www.themonitor.com,451,
https://www.valleymorningstar.com,451,
https://www.brownsvilleherald.com,451,
https://www.oaoa.com,451,
http://www.elextratx.com,451,
http://www.elnuevoheraldo.com,451,
https://www.theadvocate.com,451,
https://www.pinalcentral.com,451,
https://www.conwaydailysun.com,451,
https://www.laconiadailysun.com,451,
http://www.herald-dispatch.com,451,
https://www.loganbanner.com,451,
https://www.williamsondailynews.com,451,
https://www.kpcnews.com,451,
https://www.ashepostandtimes.com,451,
http://www.mycouriertribune.com,451,
http://www.dailystarjournal.com,451,
http://www.gladstonedispatch.com,451,
http://www.greenacressells.com,451,
http://www.hiawathaworldonline.com,451,
http://www.republic-online.com,451,
http://www.kentuckybarkleynews.com,451,
http://www.paducahsun.com,451,
https://times-georgian.com,451,
https://douglascountysentinel.com,451,
https://griffindailynews.com,451,
https://www.thenewsdispatch.com,451,
http://www.suncommercial.com,451,
http://www.the-messenger.com,451,
http://www.messenger-inquirer.com,451,
https://www.heraldpalladium.com,451,
https://thedigitalcourier.com,451,
https://hendersondispatch.com,451,
https://enquirerjournal.com,451,
https://sanfordherald.com,451,
https://themountainpress.com,451,
https://hpenews.com,451,
https://townnews.com,451,
https://www.goskagit.com,451,
https://www.idahopress.com,451,
https://www.idahostatejournal.com,451,
https://www.hjnews.com,451,
https://www.rexburgstandardjournal.com,451,
https://www.tetonvalleynews.net,451,
http://www.belgrade-news.com,451,
https://www.bozemandailychronicle.com,451,
https://www.heraldandnews.com,451,
https://www.apgwest.com,451,
http://www.lakecountyexam.com,451,
https://www.woonsocketcall.com,451,
https://www.ricentral.com,451,
http://baycitytribune.com,451,
http://baytownsun.com,451,
http://delrionewsherald.com,451,
http://thefacts.com,451,
http://times-journal.com,451,
https://www.galvnews.com,451,
http://dailytimes.com,451,
http://lufkindailynews.com,451,
http://dailysentinel.com,451,
http://theparisnews.com,451,
http://www.sandmountainreporter.com,451,
http://jcsentinel.com,451,
https://www.ssnewstelegram.com,451,
https://www.tbnweekly.com,451,
http://www.suncoastnews.com,451,
https://www.americanisraelite.com,451,
https://www.clevelandjewishnews.com,451,
http://www.stljewishlight.com,451,
http://www.thejournal-news.net,451,
http://www.ladowntownnews.com,451,
http://www.montereycountyweekly.com,451,
https://www.insidetucsonbusiness.com,451,
https://www.tucsonlocalmedia.com,451,
https://www.lancasterfarming.com,451,
https://www.flyafter5.com,451,
https://www.lavozlancaster.com,451,
https://www.delaware1059.com,451,
https://www.annistonstar.com,451,
http://www.southeastsun.com,451,
https://www.decaturdaily.com,451,
https://www.dothaneagle.com,451,
https://www.oanow.com,451,
https://www.timesdaily.com,451,
https://www.yumasun.com,451,
http://www.ahwatukee.com,451,
http://www.mohavedailynews.com,451,
http://www.eastvalleytribune.com,451,
https://www.fhtimes.com,451,
http://www.jewishaz.com,451,
https://www.westvalleyview.com,451,
https://www.lodinews.com,451,
https://www.appeal-democrat.com,451,
https://www.recorderonline.com,451,
https://www.smdailyjournal.com,451,
http://www.championnewspapers.com,451,
https://www.chieftain.com,451,
https://www.gjsentinel.com,451,
https://www.aspendailynews.com,451,
https://www.telluridenews.com,451,
https://www.journalinquirer.com,451,
https://www.newarkpostonline.com,451,
https://www.thevillagesdailysun.com,451,
http://www.theblacksheartimes.com,451,
https://www.gwinnettdailypost.com,451,
https://www.henryherald.com,451,
https://www.mdjonline.com,451,
https://www.redandblack.com,451,
https://www.rockdalenewtoncitizen.com,451,
http://www.northwestgeorgianews.com,451,
https://lmtribune.com,451,
https://dnews.com,451,
https://www.elkharttruth.com,451,
http://www.newsbug.info,451,
http://www.indianapolisrecorder.com,451,
http://www.communitynewspapergroup.com,451,
http://www.collectorsjournal.com,451,
http://www.shorelinemedia.net,451,
http://www.swiowanewssource.com,451,
http://www.winchesternewsgazette.com,451,
http://www.hartfordcitynewstimes.com,451,
http://www.iosconews.com,451,
http://www.fltimes.com,451,
http://www.oleantimesherald.com,451,
http://www.salamancapress.com,451,
http://www.tiogapublishing.com,451,
http://www.thecourierexpress.com,451,
http://www.theprogressnews.com,451,
http://www.bradfordera.com,451,
http://kokomoperspective.com,451,
https://www.nuvo.net,451,
http://www.telegraphherald.com,451,
http://www.cpioneer.com,451,
http://www.dyersvillecommercial.com,451,
http://www.manchesterpress.com,451,
http://www.easterniowashoppingnews.com,451,
http://www.unifiednewsgroup.com,451,
https://www.sustainablecitynetwork.com,451,
https://www.energy-tech.com,451,
http://www.abilene-rc.com,451,
http://www.jcdailyunion.com,451,
http://www.emporiagazette.com,451,
http://themercury.com,451,
http://www.ctnewsonline.com,451,
https://www.bladeempire.com,451,
http://www.hpj.com,451,
http://www.floydct.com,451,
http://www.kentuckynewera.com,451,
https://www.paintsvilleherald.com,451,
http://www.sulphurdailynews.com,451,
https://www.fredericknewspost.com,451,
https://www.heraldmailmedia.com,451,
https://www.myeasternshoremd.com,451,
https://www.stardem.com,451,
https://www.wdel.com,451,
https://www.dailycitizen.news,451,
https://thebrunswicknews.com,451,
https://thehockeynews.com,451,
http://www.mississippivalleypublishing.com,451,
https://www.cadillacnews.com,451,
https://www.petoskeynews.com,451,
https://www.farmforum.net,451,
https://www.ndinsider.com,451,
https://www.dailyamerican.com,451,
https://www.thepublicopinion.com,451,
https://www.tctimes.com,451,
http://www.sunad.com,451,
https://www.macombdaily.com,451,
https://www.harborcountry-news.com,451,
https://www.argus-press.com,451,
https://www.theoaklandpress.com,451,
https://www.postbulletin.com,451,
https://www.virginiamn.com,451,
https://www.swnewsmedia.com,451,
http://www.pinecitymn.com,451,
http://www.djournal.com,451,
http://www.gwcommonwealth.com,451,
http://www.ddtonline.com,451,
https://www.pressregister.com,451,
https://www.columbiamissourian.com,451,
http://www.maryvilleforum.com,451,
https://www.sedaliademocrat.com,451,
https://www.themountaineer.com,451,
https://www.theindependent.com,451,
https://www.kearneyhub.com,451,
http://norfolkdailynews.com,451,
https://www.yorknewstimes.com,451,
http://www.alliancetimes.com,451,
https://www.wahoo-ashland-waverly.com,451,
http://www.enterprisepub.com,451,
https://www.nelighnews.com,451,
http://www.creightonnews.com,451,
http://www.brenhambanner.com,451,
http://www.holtindependent.com,451,
https://www.eagletimes.com,451,
https://www.sentinelsource.com,451,
https://www.capemaycountyherald.com,451,
http://www.centraljersey.com,451,
http://www.riograndesun.com,451,
http://www.santafenewmexican.com,451,
http://www.news-bulletin.com,451,
https://mywnynews.com,451,
http://thechiefleader.com,451,
http://www.caswellmessenger.com,451,
https://rrdailyherald.com,451,
https://www.hickoryrecord.com,451,
https://www.independenttribune.com,451,
https://www.mcdowellnews.com,451,
http://www.mebaneenterprise.com,451,
https://www.morganton.com,451,
http://www.newsoforange.com,451,
https://newstopicnews.com,451,
https://www.statesville.com,451,
http://www.thesylvaherald.com,451,
http://www.warrenrecord.com,451,
https://www.wataugademocrat.com,451,
https://www.averyjournal.com,451,
https://www.highcountrync.com,451,
https://www.journalpatriot.com,451,
http://www.hillsborobanner.com,451,
http://wire.lee.net,451,
https://www.fredericksburg.com,451,
http://www.glendalestar.com,451,
http://www.wtxl.com,451,
http://www.youralaskalink.com,451,
https://www.kpvi.com,451,
https://www.deltanews.tv,451,
http://herald-zeitung.com,451,
http://kdhnews.com,451,
https://www.lifebuzz.com,451,
https://starlocalmedia.com,451,
http://www.insidenova.com,451,
http://www.newjerseyhills.com,451,
http://www.philadelphiaweekly.com,451,
http://www.stlamerican.com,451,
http://www.union-bulletin.com,451,
https://www.yakimaherald.com,451,
https://observer-reporter.com,451,
https://tylerpaper.com,451,
https://www.bonefishgrill.com,451,
https://www.carrabbas.com,451,
https://www.dailytribune.com,451,
https://www.gazettextra.com,451,
https://www.heraldcourier.com,451,
https://www.heraldextra.com,451,
https://www.hometownsource.com,451,
https://www.ktbs.com,451,
https://www.mtexpress.com,451,
https://www.news-journal.com,451,
https://www.newsadvance.com,451,
https://www.nrtoday.com,451,
https://www.outback.com,451,
https://www.scnow.com,451,
https://www.thedailytimes.com,451,
https://www.themorningsun.com,451,
https://www.timesherald.com,451,
https://www.trinidadexpress.com,451,
https://www.victoriaadvocate.com,451,
https://www.watchdog.org,451,
https://www.wsmv.com,451,
https://www.wvnews.com,451,
https://www.wyomingnews.com,451,
https://hanfordsentinel.com,451,
https://www.heraldstandard.com,451,
https://www.jhnewsandguide.com,451,
https://www.loudountimes.com,451,
https://www.starherald.com,451,
https://www.athensnews.com,451,
http://www.chroniclejournal.com,451,
http://www.chronline.com,451,
http://www.emissourian.com,451,
http://www.fairfaxtimes.com,451,
https://www.godanriver.com,451,
https://www.indianagazette.com,451,
http://www.kelownadailycourier.ca,451,
http://www.malibutimes.com,451,
https://www.martinsvillebulletin.com,451,
https://www.nptelegraph.com,451,
https://www.postregister.com,451,
http://www.qchron.com,451,
http://www.somdnews.com,451,
http://www.thepilot.com,451,
https://www.thereporteronline.com,451,
http://www.virginislandsdailynews.com,451,
https://www.wisconsingazette.com,451,
https://www.yankton.net,451,
http://homenewshere.com,451,
https://www.americanpress.com,451,
http://www.bhpioneer.com,451,
http://www.calaverasenterprise.com,451,
http://www.codyenterprise.com,451,
http://www.columbiachronicle.com,451,
http://www.dnronline.com,451,
http://www.elpasoinc.com,451,
http://www.goldenstatenewspapers.com,451,
http://www.hngnews.com,451,
http://www.indexjournal.com,451,
http://www.insideradio.com,451,
http://www.journalreview.com,451,
http://www.laramieboomerang.com,451,
http://www.newstrib.com,451,
https://www.presspubs.com,451,
http://www.ptleader.com,451,
http://www.thenewsenterprise.com,451,
https://www.caledonianrecord.com,451,
https://www.capenews.net,451,
https://www.cecildaily.com,451,
https://www.chronicleonline.com,451,
https://www.citizentribune.com,451,
https://www.crescent-news.com,451,
https://www.dailyrecordnews.com,451,
https://www.gillettenewsrecord.com,451,
https://www.greenevillesun.com,451,
https://www.ithaca.com,451,
https://www.ivpressonline.com,451,
https://www.lakeexpo.com,451,
https://www.lincolntimesnews.com,451,
https://www.murfreesboropost.com,451,
https://www.northfulton.com,451,
https://www.paysonroundup.com,451,
https://www.starexponent.com,451,
https://www.thedailyreview.com,451,
https://www.wmicentral.com,451,
http://bloxcms.com,451,
http://harrisondaily.com,451,
http://seguingazette.com,451,
http://www.carolinacoastonline.com,451,
http://www.gettysburgtimes.com,451,
http://www.hibbingmn.com,451,
https://www.sent-trib.com,451,
http://www.sonomawest.com,451,
http://www.theshorthorn.com,451,
http://www.thesuburban.com,451,
https://www.crowrivermedia.com,451,
https://www.fauquier.com,451,
https://www.marshallnewsmessenger.com,451,
https://www.news-daily.com,451,
https://www.newsitem.com,451,
https://www.postguam.com,451,
https://www.richlandsource.com,451,
https://www.stowetoday.com,451,
https://www.swvatoday.com,451,
https://www.tribuneledgernews.com,451,
https://www.bloominbrands.com,451,
http://www.apg-wi.com,451,
https://www.dcmilitary.com,451,
http://www.tdtnews.com,451,
http://www.forthoodsentinel.com,451,
https://www.dailylocal.com,451,
https://www.delcotimes.com,451,
https://www.fox10tv.com,451,
https://www.kctv5.com,451,
https://www.nonpareilonline.com,451,
https://www.pottsmerc.com,451,
https://www.trentonian.com,451,
http://bolivarmonews.com,451,
http://bransontrilakesnews.com,451,
http://katytimes.com,451,
http://www.dchieftain.com,451,
http://www.enterprise-journal.com,451,
http://www.fbherald.com,451,
http://www.feastmagazine.com,451,
http://www.hannapub.com,451,
https://www.insightnews.com,451,
http://www.kentwired.com,451,
http://www.messagemedia.co,451,
http://www.oswegocountynewsnow.com,451,
http://www.thederrick.com,451,
http://www.walkermn.com,451,
https://lexch.com,451,
https://thealmanac.net,451,
https://www.beacononlinenews.com,451,
https://www.celebretainment.com,451,
https://www.dailyunion.com,451,
https://www.heraldchronicle.com,451,
https://www.highlandnews.net,451,
https://www.livingstonparishnews.com,451,
https://www.morongocasinoresort.com,451,
https://www.myhorrynews.com,451,
https://www.northcentralpa.com,451,
https://www.parsonssun.com,451,
https://www.thefranklinnewspost.com,451,
https://www.thenewsguard.com,451,
https://www.thepress.net,451,
https://www.tillamookheadlightherald.com,451,
https://www.yoursun.com,451,
https://www.thechronicleonline.com,451,
https://www.thechiefnews.com,451,
http://cedarrepublican.com,451,
http://www.advocateanddemocrat.com,451,
http://www.alvinsun.net,451,
https://www.banderabulletin.com,451,
http://www.camplejeuneglobe.com,451,
http://www.choteauacantha.com,451,
https://www.creightonian.com,451,
http://www.derbyinformer.com,451,
http://www.esubulletin.com,451,
http://www.newportplaintalk.com,451,
http://www.news-graphic.com,451,
http://www.perryvillenews.com,451,
http://www.portlavacawave.com,451,
http://www.sanfernandosun.com,451,
http://www.timesleader.net,451,
http://www.trinityjournal.com,451,
http://www.wpnews.com,451,
https://www.jacksonprogress-argus.com,451,
https://www.primepublishers.com/,451,
https://www.voiceofalexandria.com,451,
https://www.avenuenews.com,451,
https://buffaloreflex.com,451,
https://ccheadliner.com,451,
http://fortcampbellcourier.com,451,
https://www.boarsheadresort.com,451,
http://www.coronadonewsca.com,451,
http://www.ifiberone.com,451,
http://www.morning-times.com,451,
http://www.mountain-news.com,451,
http://www.rrobserver.com,451,
http://www.standard-journal.com,451,
http://www.thecrier.net,451,
http://www.titusvilleherald.com,451,
http://www.waltontribune.com,451,
http://www.yourgv.com,451,
https://www.dallasweekly.com,451,
https://www.elkvalleytimes.com,451,
https://www.ifallsjournal.com,451,
https://www.indiaabroad.com,451,
https://www.mysoutex.com,451,
http://www.ashleycountyledger.com,451,
http://www.buffalobulletin.com,451,
https://www.elgincourier.com,451,
http://www.galtheraldonline.com,451,
http://www.leader-news.com,451,
http://www.marysvilleonline.net,451,
http://www.moabsunnews.com,451,
http://www.oconeeenterprise.com,451,
http://www.thearabtribune.com,451,
http://www.theclarionnews.com,451,
http://www.theflume.com,451,
http://www.wickenburgsun.com,451,
http://www.wspynews.com,451,
https://www.easternprogress.com,451,
https://www.houmatimes.com,451,
https://www.inforney.com,451,
https://www.isustudentmedia.com,451,
https://www.newsmirror.net,451,
https://www.obsentinel.com,451,
https://www.pvvt.com,451,
https://www.rawlinstimes.com,451,
https://www.southernchestercountyweeklies.com,451,
https://www.thepenn.org,451,
https://www.theredstonerocket.com,451,
https://www.tv6tnt.com,451,
http://www.burnettcountysentinel.com,451,
http://www.covingtonleader.com,451,
http://www.minicassia.com,451,
http://www.shipnc.com,451,
https://www.bctv.org,451,
http://www.bigbeargrizzly.net,451,
http://www.businessnorth.com,451,
http://www.desototimes.com,451,
http://www.egcitizen.com,451,
http://www.fortworthbusiness.com,451,
http://www.grandrapidsmn.com,451,
http://www.independentnews.com,451,
http://www.magnoliareporter.com,451,
https://www.morganhilltimes.com,451,
http://www.newsrecord.org,451,
http://www.parispi.net,451,
http://www.pentictonherald.ca,451,
http://www.tehachapinews.com,451,
http://www.themountainmail.com,451,
http://www.thereflector.com,451,
http://www.utdailybeacon.com,451,
http://www.wdtimes.com,451,
http://www.wyomingbusinessreport.com,451,
https://syvnews.com,451,
https://www.athensmessenger.com,451,
https://www.atlanticcityweekly.com,451,
https://www.breezejmu.org,451,
https://www.circlevilleherald.com,451,
https://www.fontanaheraldnews.com,451,
https://www.heraldargus.com,451,
https://www.houstonherald.com,451,
https://www.logandaily.com,451,
https://www.mooresvilletribune.com,451,
https://www.pawtuckettimes.com,451,
https://www.tullahomanews.com,451,
https://www.voxmagazine.com,451,
http://www.laduenews.com,451,
https://www.hoosiertimes.com,451,
