url,status,code,note
https://www.musiciansfriend.com,Blocked,200,
https://www.sltrib.com,Blocked,200,
https://www.winnipegfreepress.com,Blocked,200,
https://www.brandonsun.com,Blocked,200,
https://www.faceplusplus.com,Unblocked,200,
https://wgntv.com,Blocked,200,
https://pix11.com,Blocked,200,
https://ktla.com,Blocked,200,
https://phl17.com,Blocked,200,
https://cw33.com,Blocked,200,
https://q13fox.com,Blocked,200,
http://sflcw.com,Blocked,200,
https://kdvr.com,Blocked,200,
https://fox8.com,Blocked,200,
https://fox40.com,Blocked,200,
https://fox5sandiego.com,Blocked,200,
https://kplr11.com,Blocked,200,
https://fox2now.com,Blocked,200,
http://portlandscw.com,Blocked,200,
https://fox59.com,Blocked,200,
https://cbs4indy.com,Blocked,200,
https://fox61.com,Blocked,200,
https://fox4kc.com,Blocked,200,
https://fox13now.com,Blocked,200,
https://fox6now.com,Blocked,200,
https://fox17online.com,Blocked,200,
https://kfor.com,Blocked,200,
https://fox43.com,Blocked,200,
https://wtkr.com,Blocked,200,
https://myfox8.com,Blocked,200,
https://wreg.com,Blocked,200,
https://wgno.com,Blocked,200,
https://wnep.com,Blocked,200,
https://wtvr.com,Blocked,200,
https://whotv.com,Blocked,200,
https://whnt.com,Blocked,200,
https://wqad.com,Blocked,200,
https://5newsonline.com,Blocked,200,
https://wgnradio.com,Blocked,200,
https://cltv.com,Blocked,200,
https://cw39.com,Blocked,200,
https://dcw50.com,Blocked,200,
https://wgem.com,Unblocked,200,
http://www.news9.com,Blocked,200,
http://www.newson6.com,Blocked,200,
http://www.tulsacw.com,Blocked,200,
https://www.kcci.com,Blocked,200,
https://www.kcra.com,Blocked,200,
https://www.ketv.com,Blocked,200,
http://www.4029tv.com,Blocked,200,
https://www.kmbc.com,Blocked,200,
https://www.koat.com,Blocked,200,
https://www.koco.com,Blocked,200,
https://www.ksbw.com,Blocked,200,
https://www.wapt.com,Blocked,200,
https://www.wbaltv.com,Blocked,200,
https://www.wcvb.com,Blocked,200,
https://www.wdsu.com,Blocked,200,
https://www.wesh.com,Blocked,200,
https://www.wgal.com,Blocked,200,
https://www.wisn.com,Blocked,200,
https://www.wjcl.com,Blocked,200,
https://www.wlky.com,Blocked,200,
https://www.wlwt.com,Blocked,200,
https://www.mor-tv.com,Blocked,200,
https://www.wmtw.com,Blocked,200,
https://www.wmur.com,Blocked,200,
https://www.wpbf.com,Blocked,200,
https://www.mynbc5.com,Blocked,200,
https://www.wtae.com,Blocked,200,
https://www.wvtm13.com,Blocked,200,
https://www.wxii12.com,Blocked,200,
https://www.wyff4.com,Blocked,200,
http://www.wbal.com,Blocked,200,
https://kbjr6.com,Unblocked,200,
https://ktiv.com,Unblocked,200,
https://kttc.com,Unblocked,200,
https://kwwl.com,Unblocked,200,
https://myfox47.com,Unblocked,200,
https://waow.com,Unblocked,200,
https://wbng.com,Unblocked,200,
https://week.com,Unblocked,200,
https://wkow.com,Unblocked,200,
https://wpta21.com,Unblocked,200,
https://wqow.com,Unblocked,200,
https://wrex.com,Unblocked,200,
https://wvva.com,Unblocked,200,
https://wxow.com,Unblocked,200,
https://www.dallasnews.com,Blocked,200,
https://sportsday.dallasnews.com,Blocked,200,
https://www.post-gazette.com,Blocked,200,
https://www.ellos.us,Blocked,200,
https://www.fullbeauty.com,Blocked,200,
https://www.jessicalondon.com,Blocked,200,
https://www.brylanehome.com,Blocked,200,
https://www.cgtn.com,Unblocked,200,
https://hoiabc.com,Unblocked,200,
https://www.ncaa.com,Blocked,301,https://international.ncaa.com
http://www.citypaper.com,Blocked,302,http://www.tribpub.com/gdpr/citypaper.com
http://www.baltimoresun.com,Blocked,302,http://www.tribpub.com/gdpr/baltimoresun.com
http://www.carrollcountytimes.com,Blocked,302,http://www.tribpub.com/gdpr/carrollcountytimes.com
http://www.capitalgazette.com,Blocked,302,http://www.tribpub.com/gdpr/capitalgazette.com
http://www.chicagotribune.com,Blocked,302,http://www.tribpub.com/gdpr/chicagotribune.com
http://www.dailypress.com,Blocked,302,http://www.tribpub.com/gdpr/dailypress.com
http://www.courant.com,Blocked,302,http://www.tribpub.com/gdpr/courant.com
https://www.instapaper.com,Unblocked,200,
http://www.latimes.com,Blocked,302,http://www.tribpub.com/gdpr/latimes.com
http://www.nydailynews.com,Blocked,302,http://www.tribpub.com/gdpr/nydailynews.com
https://www.orlandosentinel.com,Blocked,302,http://www.tribpub.com/gdpr/orlandosentinel.com
http://www.sun-sentinel.com,Blocked,302,http://www.tribpub.com/gdpr/sun-sentinel.com
https://www.mcall.com,Blocked,302,http://www.tribpub.com/gdpr/mcall.com
http://www.sandiegouniontribune.com,Blocked,302,http://www.tribpub.com/gdpr/sandiegouniontribune.com
https://unroll.me,Blocked,302,https://gdpr-eu.unroll.me
https://www.newsday.com,Blocked,302,https://projects.newsday.com/gdpr
http://www.gannett.com,Blocked,302,http://eu-message.usatoday.com
https://www.baseballhq.com,Blocked,302,https://eu-message.usatoday.com
https://www.amny.com,Blocked,302,https://projects.newsday.com/gdpr
https://www.adn.com,Blocked,302,https://www.adn.com/redirect-gdpr/?outputType=noscript
http://www.ctnow.com,Blocked,302,http://www.tribpub.com/gdpr/ctnow.com
https://tubitv.com,Blocked,302,https://gdpr.tubi.tv
https://investorjunkie.com,Blocked,302,https://welcome.investorjunkie.com/not-available/?url
https://marketing.usatoday.com,Blocked,302,https://eu-message.usatoday.com
https://motosport.com,Blocked,302,https://static-content.motosport.com/GDPR/index.html
https://krispykreme.com,Blocked,302,/legal/gdpr-notice
https://spoonuniversity.com,Blocked,302,https://gdpr.spoonuniversity.com
http://www.vagazette.com,Blocked,302,http://www.tribpub.com/gdpr/vagazette.com
http://www.airthinx.io,Blocked,403,
http://americanmilitarynews.com,Blocked,403,
https://www.bangordailynews.com,Blocked,403,
https://food52.com,Unblocked,200,
http://www.tootimid.com,Blocked,403,
http://www.wickedlocal.com,Unblocked,200,
http://www.swtimes.com,Unblocked,200,
http://www.stuttgartdailyleader.com,Unblocked,200,
http://www.lubbockonline.com,Unblocked,200,
http://www.amarillo.com,Blocked,403,
http://www.providencejournal.com,Unblocked,200,
http://abington.wickedlocal.com,Blocked,403,
http://www.aledotimesrecord.com,Blocked,403,
http://www.alicetx.com,Unblocked,200,
http://allston.wickedlocal.com,Blocked,403,
http://www.amestrib.com,Unblocked,200,
http://arlington.wickedlocal.com,Blocked,403,
http://www.onlineathens.com,Unblocked,200,
http://www.auroraadvertiser.net,Unblocked,200,
http://www.barnesville-enterprise.com,Unblocked,200,
http://www.examiner-enterprise.com,Unblocked,200,
http://www.bastropenterprise.com,Blocked,403,
http://www.beauregarddailynews.net,Blocked,403,
http://www.timesonline.com,Blocked,403,
http://bedford.wickedlocal.com,Blocked,403,
http://belmont.wickedlocal.com,Blocked,403,
http://www.bcdemocratonline.com,Blocked,403,
http://beverly.wickedlocal.com,Blocked,403,
http://billerica.wickedlocal.com,Blocked,403,
http://www.blufftontoday.com,Unblocked,200,
http://www.newsrepublican.com,Unblocked,200,
http://www.boonevilledemocrat.com,Unblocked,200,
http://www.boonvilledailynews.com,Unblocked,200,
http://www.linkbostonhomes.com,Unblocked,200,
http://bourne.wickedlocal.com,Blocked,403,
http://braintree.wickedlocal.com,Blocked,403,
http://bridgewater.wickedlocal.com,Blocked,403,
http://brookline.wickedlocal.com,Blocked,403,
http://www.brownwoodtx.com,Unblocked,200,
http://www.buckscountycouriertimes.com,Blocked,403,
http://www.burlingtoncountytimes.com,Blocked,403,
http://burlington.wickedlocal.com,Blocked,403,
http://www.butlercountytimesgazette.com,Unblocked,200,
http://www.cambridgechron.com,Blocked,403,
http://cambridge.wickedlocal.com,Blocked,403,
http://canton.wickedlocal.com,Blocked,403,
http://gloucester.wickedlocal.com,Blocked,403,
https://www.capecodtimes.com,Unblocked,200,
http://www.thecarbondalenews.com,Blocked,403,
http://carver.wickedlocal.com,Blocked,403,
http://www.charlestonexpress.com,Unblocked,200,
http://www.cheboygannews.com,Unblocked,200,
http://chelmsford.wickedlocal.com,Blocked,403,
http://www.sekvoice.com,Unblocked,200,
http://www.chillicothetimesbulletin.com,Blocked,403,
http://cohasset.wickedlocal.com,Blocked,403,
http://www.columbiatribune.com,Unblocked,200,
http://www.chillicothenews.com,Unblocked,200,
http://bellingham.wickedlocal.com,Blocked,403,
http://www.crestviewbulletin.com,Unblocked,200,
http://www.crookstontimes.com,Blocked,403,
http://www.ardmoreite.com,Unblocked,200,
http://www.dailycommercial.com,Blocked,403,
http://www.mpnnow.com,Blocked,403,
http://www.reviewatlas.com,Unblocked,200,
http://www.adelnews.com,Unblocked,200,
http://danvers.wickedlocal.com,Blocked,403,
http://dedham.wickedlocal.com,Blocked,403,
http://www.devilslakejournal.com,Unblocked,200,
http://www.dodgeglobe.com,Unblocked,200,
http://www.donaldsonvillechief.com,Blocked,403,
http://www.doverpost.com,Blocked,403,
http://dover.wickedlocal.com,Blocked,403,
http://www.eastpeoriatimescourier.com,Blocked,403,
http://easton.wickedlocal.com,Blocked,403,
http://www.echo-pilot.com,Blocked,403,
http://www.edinburgreview.com,Unblocked,200,
http://www.ellwoodcityledger.com,Blocked,403,
http://www.goerie.com,Blocked,403,
http://www.fosters.com,Blocked,403,
http://www.fowlertribune.com,Blocked,403,
http://www.galvanews.com,Blocked,403,
http://www.dansvilleonline.com,Blocked,403,
http://www.geneseorepublic.com,Blocked,403,
http://georgetown.wickedlocal.com,Blocked,403,
http://www.yourglenrosetx.com,Unblocked,200,
http://www.weeklycitizen.com,Blocked,403,
http://www.grandlakenews.com,Unblocked,200,
http://www.granitefallsnews.com,Blocked,403,
http://www.greenwooddemocrat.com,Unblocked,200,
http://www.thegurdontimes.com,Unblocked,200,
http://plympton.wickedlocal.com,Blocked,403,
http://www.hamburgreporter.com,Unblocked,200,
http://hamilton.wickedlocal.com,Blocked,403,
http://www.hannibal.net,Unblocked,200,
http://hanover.wickedlocal.com,Blocked,403,
http://www.havenews.com,Unblocked,200,
http://www.blueridgenow.com,Unblocked,200,
http://heralddemocrat.com,Unblocked,301,
https://www.goupstate.com,Unblocked,200,
https://www.heraldtribune.com,Unblocked,200,
http://www.hillsdale.net,Unblocked,200,
http://www.hockessincommunitynews.com,Blocked,403,
http://holbrook.wickedlocal.com,Blocked,403,
http://www.hopestar.com,Unblocked,301,
http://www.hsvvoice.com,Unblocked,200,
http://www.houmatoday.com,Unblocked,200,
http://hudson.wickedlocal.com,Blocked,403,
http://www.sentinel-standard.com,Unblocked,200,
http://ipswich.wickedlocal.com,Blocked,403,
http://www.jacksonnewspapers.com,Blocked,403,
https://www.pjstar.com,Unblocked,200,
http://kingston.wickedlocal.com,Blocked,403,
http://www.kiowacountysignal.com,Unblocked,200,
http://www.kirksvilledailyexpress.com,Unblocked,200,
http://www.lajuntatribunedemocrat.com,Blocked,403,
http://www.leavenworthtimes.com,Unblocked,200,
http://www.leesvilledailyleader.com,Blocked,403,
http://lexington.wickedlocal.com,Blocked,403,
http://lincoln.wickedlocal.com,Blocked,403,
http://www.linncountyleader.com,Unblocked,200,
http://littleton.wickedlocal.com,Blocked,403,
https://www.thecabin.net,Unblocked,200,
http://malden.wickedlocal.com,Blocked,403,
http://mansfield.wickedlocal.com,Blocked,403,
http://marblehead.wickedlocal.com,Blocked,403,
http://marlborough.wickedlocal.com,Blocked,403,
http://marshfield.wickedlocal.com,Blocked,403,
http://rockland.wickedlocal.com,Blocked,403,
http://medfield.wickedlocal.com,Blocked,403,
http://medford.wickedlocal.com,Blocked,403,
http://melrose.wickedlocal.com,Blocked,403,
http://www.miamiok.com,Unblocked,200,
http://www.middletowntranscript.com,Blocked,403,
http://www.midlothianmirror.com,Unblocked,200,
http://www.milfordbeacon.com,Blocked,403,
http://www.newstribune.info,Blocked,403,
http://www.moberlymonitor.com,Unblocked,200,
http://www.monroecopost.com,Blocked,403,
http://www.montenews.com,Blocked,403,
http://www.morningsun.net,Unblocked,200,
http://www.mortontimesnews.com,Blocked,403,
http://www.moscowvillager.com,Blocked,403,
http://www.mtshastanews.com,Blocked,403,
http://www.mytownneo.com,Unblocked,200,
http://natick.wickedlocal.com,Blocked,403,
http://www.ncnewspress.com,Unblocked,200,
http://needham.wickedlocal.com,Blocked,403,
http://www.neoshodailynews.com,Unblocked,200,
http://www.nevadaiowajournal.com,Unblocked,200,
http://newburyport.wickedlocal.com,Blocked,403,
http://www.newcomerstown-news.com,Unblocked,200,
http://www.newportindependent.com,Unblocked,200,
http://www.newschief.com,Blocked,403,
http://www.neagle.com,Blocked,403,
http://www.pressmentor.com,Blocked,403,
http://newton.wickedlocal.com,Blocked,403,
http://northandover.wickedlocal.com,Blocked,403,
http://northattleborough.wickedlocal.com,Blocked,403,
http://www.northneighbornews.com,Unblocked,200,
https://www.nwfdailynews.com,Unblocked,200,
http://norwell.wickedlocal.com,Blocked,403,
http://norwood.wickedlocal.com,Blocked,403,
http://www.recordstar.com,Unblocked,200,
https://www.uticaod.com,Unblocked,200,
https://www.ocala.com,Unblocked,200,
http://plymouth.wickedlocal.com,Blocked,403,
http://www.olneydailymail.com,Blocked,403,
http://www.oriongazette.com,Blocked,403,
http://www.newsherald.com,Unblocked,200,
http://www.paris-express.com,Unblocked,200,
http://www.pawhuskajournalcapital.com,Unblocked,200,
http://www.pekintimes.com,Blocked,403,
http://pembroke.wickedlocal.com,Blocked,403,
http://www.theperrychief.com,Unblocked,200,
http://www.picayune-times.com,Unblocked,301,
http://www.pbcommercial.com,Unblocked,200,
http://www.poconorecord.com,Blocked,403,
http://www.seacoastonline.com,Blocked,403,
http://www.postsouth.com,Blocked,403,
http://www.pressargus.com,Unblocked,200,
http://www.prosperpressnews.com,Unblocked,200,
http://provincetown.wickedlocal.com,Blocked,403,
http://randolph.wickedlocal.com,Blocked,403,
http://raynham.wickedlocal.com,Blocked,403,
http://www.therecordherald.com,Blocked,403,
https://www.record-courier.com,Unblocked,200,
http://www.redwoodfallsgazette.com,Blocked,403,
http://www.rrstar.com,Unblocked,200,
http://www.therolladailynews.com,Unblocked,200,
http://roslindale.wickedlocal.com,Blocked,403,
http://www.runnelscountyregister.com,Unblocked,200,
http://salem.wickedlocal.com,Blocked,403,
http://www.salina.com,Unblocked,200,
http://www.srpressgazette.com,Unblocked,200,
http://saugus.wickedlocal.com,Blocked,403,
https://www.savannahnow.com,Unblocked,200,
http://scituate.wickedlocal.com,Blocked,403,
http://sharon.wickedlocal.com,Blocked,403,
http://www.news-star.com,Unblocked,200,
http://shrewsbury.wickedlocal.com,Blocked,403,
http://www.siskiyoudaily.com,Blocked,403,
http://www.sleepyeyenews.com,Blocked,403,
http://www.scsuntimes.com,Blocked,403,
http://somerville.wickedlocal.com,Blocked,403,
http://www.stjamesnews.com,Blocked,403,
http://www.sjnewsonline.com,Unblocked,200,
http://www.starcourier.com,Blocked,403,
https://www.starnewsonline.com,Unblocked,200,
http://www.yourstephenvilletx.com,Unblocked,200,
http://www.steubencourier.com,Blocked,403,
http://stoneham.wickedlocal.com,Blocked,403,
http://stoughton.wickedlocal.com,Blocked,403,
http://www.sturgisjournal.com,Unblocked,200,
http://www.newbernsj.com,Unblocked,200,
http://www.sussexcountian.com,Blocked,403,
http://swampscott.wickedlocal.com,Blocked,403,
http://www.journaldemocrat.com,Unblocked,200,
http://www.taftmidwaydriller.com,Blocked,403,
http://www.tauntongazette.com,Unblocked,200,
https://www.telegram.com,Unblocked,200,
http://www.teutopolispress.com,Blocked,403,
http://tewksbury.wickedlocal.com,Blocked,403,
https://www.the-review.com,Unblocked,200,
http://www.amtrib.com,Unblocked,200,
http://www.apalachtimes.com,Unblocked,200,
https://www.augustachronicle.com,Unblocked,200,
http://www.barnstablepatriot.com,Unblocked,200,
http://acton.wickedlocal.com,Blocked,403,
http://maynard.wickedlocal.com,Blocked,403,
http://www.norwichbulletin.com,Blocked,403,
http://falmouth.wickedlocal.com,Blocked,403,
http://brewster.wickedlocal.com,Blocked,403,
http://www.carmitimes.com,Blocked,403,
http://www.carthagepress.com,Unblocked,301,
http://www.chronicle-express.com,Blocked,403,
http://www.advocatepress.com,Blocked,403,
https://www.dispatch.com,Unblocked,200,
http://concord.wickedlocal.com,Blocked,403,
http://www.lincolncourier.com,Unblocked,200,
http://www.courier-tribune.com,Unblocked,200,
http://www.columbiadailyherald.com,Unblocked,200,
http://www.ridgecrestca.com,Blocked,403,
https://www.daily-jeff.com,Unblocked,200,
http://www.pontiacdailyleader.com,Blocked,403,
http://www.cantondailyledger.com,Blocked,403,
http://www.jdnews.com,Unblocked,200,
https://www.the-daily-record.com,Unblocked,200,
http://www.thedailyreporter.com,Unblocked,200,
http://www.siftingsherald.com,Unblocked,301,
http://www.lenconnect.com,Unblocked,200,
https://www.news-journalonline.com,Unblocked,200,
http://www.thedestinlog.com,Unblocked,200,
http://www.the-dispatch.com,Unblocked,200,
https://www.enterprisenews.com,Unblocked,200,
http://www.eveningtribune.com,Blocked,403,
http://www.examiner.net,Unblocked,200,
https://www.fayobserver.com,Unblocked,200,
https://www.jacksonville.com,Unblocked,200,
http://www.kinston.com,Unblocked,200,
http://www.gadsdentimes.com,Unblocked,200,
https://www.gainesville.com,Unblocked,200,
http://www.gctelegram.com,Unblocked,200,
https://www.gastongazette.com,Unblocked,200,
http://www.gridleyherald.com,Blocked,403,
http://www.thehawkeye.com,Unblocked,200,
http://www.hdnews.net,Unblocked,200,
http://www.helena-arkansas.com,Unblocked,200,
http://www.heraldnews.com,Unblocked,200,
http://www.timestelegram.com,Unblocked,200,
http://hingham.wickedlocal.com,Blocked,403,
http://hollandsentinel.com,Unblocked,301,
http://hopkinton.wickedlocal.com,Blocked,403,
http://www.hutchnews.com,Unblocked,200,
https://www.indeonline.com,Unblocked,200,
http://www.ack.net,Unblocked,200,
http://www.theintell.com,Blocked,403,
http://www.journalstandard.com,Unblocked,200,
http://www.lakenewsonline.com,Unblocked,200,
http://www.the-leader.com,Blocked,403,
https://www.theledger.com,Unblocked,200,
http://www.mcdonoughvoice.com,Blocked,403,
http://www.mcphersonsentinel.com,Unblocked,200,
http://metrowestdailynews.com,Unblocked,301,
http://www.mexicoledger.com,Unblocked,200,
http://www.milforddailynews.com,Unblocked,301,
http://www.mayportmirror.com,Blocked,403,
http://www.monroenews.com,Unblocked,200,
http://www.thekansan.com,Unblocked,200,
http://www.oakridger.com,Unblocked,200,
http://www.ottawaherald.com,Unblocked,200,
http://www.patriotledger.com,Unblocked,200,
http://www.progress-index.com,Blocked,403,
http://reading.wickedlocal.com,Blocked,403,
http://recordnet.com,Unblocked,301,
https://www.registerguard.com,Unblocked,200,
http://www.galesburg.com,Unblocked,200,
https://www.cantonrep.com,Unblocked,200,
http://sandwich.wickedlocal.com,Blocked,403,
http://www.sooeveningnews.com,Unblocked,200,
http://marion.wickedlocal.com,Blocked,403,
http://www.staugustine.com,Unblocked,200,
http://www.southcoasttoday.com,Blocked,403,
http://www.starfl.com,Unblocked,200,
http://www.shelbystar.com,Unblocked,200,
http://www.sj-r.com,Unblocked,200,
http://www.thesuburbanite.com,Unblocked,200,
http://sudbury.wickedlocal.com,Blocked,403,
http://www.thesuntimes.com,Unblocked,200,
http://www.thetimesnews.com,Unblocked,200,
https://www.timesreporter.com,Unblocked,200,
https://www.cjonline.com,Unblocked,200,
https://www.tuscaloosanews.com,Unblocked,200,
http://northborough.wickedlocal.com,Blocked,403,
http://www.waltonsun.com,Unblocked,200,
http://wayland.wickedlocal.com,Blocked,403,
http://www.wayneindependent.com,Blocked,403,
http://wellesley.wickedlocal.com,Blocked,403,
http://westborough.wickedlocal.com,Blocked,403,
http://weston.wickedlocal.com,Blocked,403,
http://www.dailycomet.com,Unblocked,200,
http://www.thisweeknews.com,Unblocked,200,
https://www.recordonline.com,Unblocked,200,
https://www.times-gazette.com,Unblocked,200,
http://www.topsailadvertiser.com,Unblocked,200,
http://boxford.wickedlocal.com,Blocked,403,
http://www.yourvalleyvoice.com,Unblocked,200,
http://www.vanalstyneleader.com,Unblocked,200,
http://www.vanburencountydem.com,Unblocked,200,
http://www.vvdailypress.com,Blocked,403,
http://wakefield.wickedlocal.com,Blocked,403,
http://walpole.wickedlocal.com,Blocked,403,
http://waltham.wickedlocal.com,Blocked,403,
http://wareham.wickedlocal.com,Blocked,403,
http://www.chipleypaper.com,Unblocked,200,
http://www.washingtontimesreporter.com,Blocked,403,
http://watertown.wickedlocal.com,Blocked,403,
http://www.waxahachietx.com,Unblocked,200,
http://www.waynepost.com,Blocked,403,
http://www.waynesvilledailyguide.com,Unblocked,301,
http://www.wellingtondailynews.com,Unblocked,200,
http://www.wellsvilledaily.com,Blocked,403,
http://west-roxbury.wickedlocal.com,Blocked,403,
http://westford.wickedlocal.com,Blocked,403,
http://westwood.wickedlocal.com,Blocked,403,
http://weymouth.wickedlocal.com,Blocked,403,
http://www.whitehalljournal.com,Unblocked,200,
http://wilmington.wickedlocal.com,Blocked,403,
http://winchester.wickedlocal.com,Blocked,403,
http://woburn.wickedlocal.com,Blocked,403,
http://www.woodfordtimes.com,Blocked,403,
https://www.billoreilly.com,Blocked,403,
https://goblackfin.com,Blocked,403,
https://www.flexonline.com,Blocked,403,
https://www.globemagazine.com,Blocked,403,
https://www.mensjournal.com,Blocked,403,
https://www.muscleandfitness.com,Blocked,403,
https://www.nationalenquirer.com,Blocked,403,
https://radaronline.com,Blocked,403,
https://www.soapoperadigest.com,Blocked,403,
https://starmagazine.com,Blocked,403,
https://www.usmagazine.com,Blocked,403,
https://www.americanmediainc.com,Blocked,403,
https://www.yourobserver.com,Blocked,403,
https://www.businessobserverfl.com,Blocked,403,
https://www.jaxdailyrecord.com,Blocked,403,
https://www.ormondbeachobserver.com,Blocked,403,
https://www.palmcoastobserver.com,Blocked,403,
https://www.plantcityobserver.com,Blocked,403,
https://www.portorangeobserver.com,Blocked,403,
https://www.orangeobserver.com,Blocked,403,
https://agdealer.com,Blocked,403,
http://farmmedia.com,Blocked,403,
http://albertafarmexpress.ca,Blocked,403,
http://canadiancattlemen.ca,Blocked,403,
http://country-guide.ca,Blocked,403,
https://farmzilla.com,Blocked,403,
http://foodincanada.com,Blocked,403,
http://grainews.ca,Blocked,403,
http://lebulletin.com,Blocked,403,
http://manitobacooperator.ca,Blocked,403,
http://agcanada.com,Blocked,403,
http://producer.com,Blocked,403,
http://www.weatherfarm.com,Blocked,403,
http://www.jaxairnews.com,Blocked,403,
http://www.augustagazette.com,Unblocked,301,
http://www.eldoradotimes.com,Unblocked,301,
http://www.pratttribune.com,Unblocked,200,
http://fiddleheadfocus.com,Blocked,403,
http://www.thegardnernews.com,Unblocked,200,
https://www.thv11.com,Blocked,403,
https://www.abc10.com,Blocked,403,
https://www.9news.com,Blocked,403,
https://www.wusa9.com,Blocked,403,
https://www.firstcoastnews.com,Blocked,403,
https://www.wtsp.com,Blocked,403,
https://www.11alive.com,Blocked,403,
https://www.13wmaz.com,Blocked,403,
https://www.whas11.com,Blocked,403,
https://www.wwltv.com,Blocked,403,
https://www.wzzm13.com,Blocked,403,
https://www.kare11.com,Blocked,403,
https://www.ksdk.com,Blocked,403,
https://www.wcnc.com,Blocked,403,
https://www.wfmynews2.com,Blocked,403,
https://www.wgrz.com,Blocked,403,
http://www.wkyc.com,Blocked,403,
https://www.kgw.com,Blocked,403,
https://www.wltx.com,Blocked,403,
https://www.wbir.com,Blocked,403,
https://www.fox15abilene.com,Blocked,403,
https://www.kvue.com,Blocked,403,
https://www.12newsnow.com,Blocked,403,
http://www.kagstv.com,Blocked,403,
http://www.kiiitv.com,Blocked,403,
https://www.wfaa.com,Blocked,403,
https://www.khou.com,Blocked,403,
https://www.kens5.com,Blocked,403,
https://www.cbs19.tv,Blocked,403,
https://www.kcentv.com,Blocked,403,
http://www.13newsnow.com,Blocked,403,
https://www.king5.com,Blocked,403,
https://www.krem.com,Blocked,403,
https://www.empiretoday.com,Blocked,403,
https://www.shoes.com,Blocked,403,
https://www.ktvb.com,Blocked,403,
http://www.groupetva.ca,Blocked,403,
http://tva.canoe.ca,Blocked,403,
https://countrymedia.net,Blocked,403,
https://northcoastcitizen.com,Blocked,403,
https://www.cavaliercountyextra.com,Blocked,403,
https://adamscountyextra.com,Blocked,403,
http://www.journaldequebec.com,Blocked,403,
https://www.autoweb.com,Blocked,403,
http://www.auburnjournal.com,Blocked,403,
https://www.placerherald.com,Blocked,403,
https://www.99acres.com,Blocked,412,
https://ultimategarage.com,Blocked,412,
http://www.atchisonglobenow.com,Blocked,451,
https://azdailysun.com,Blocked,451,
http://www.caranddriver.com,Blocked,451,
http://www.ctpost.com,Blocked,451,
http://www.theintelligencer.com,Blocked,451,
http://www.greenwichtime.com,Blocked,451,
http://www.michigansthumb.com,Blocked,451,
https://www.ilnews.org,Blocked,451,
https://journaltimes.com,Blocked,451,
http://www.lmtonline.com,Blocked,451,
http://lee.net,Blocked,451,
http://www.ourmidland.com,Blocked,451,
http://www.mrt.com,Blocked,451,
https://www.militarynews.com,Blocked,451,
http://www.nhregister.com,Blocked,451,
https://www.omaha.com,Blocked,451,
http://www.myplainview.com,Blocked,451,
https://napavalleyregister.com,Blocked,451,
https://rapidcityjournal.com,Blocked,451,
https://www.richmond.com,Blocked,451,
http://www.seattlepi.com,Blocked,451,
https://www.stltoday.com,Blocked,451,
http://www.stamfordadvocate.com,Blocked,451,
https://www.albanyherald.com,Blocked,451,
https://www.beaumontenterprise.com,Blocked,451,
https://www.bryantimes.com,Blocked,451,
http://www.newburyportnews.com,Blocked,451,
https://www.dailyprogress.com,Blocked,451,
http://www.middletownpress.com,Blocked,451,
http://www.newstimes.com,Blocked,451,
http://www.thehour.com,Blocked,451,
http://www.oudaily.com,Blocked,451,
https://www.postandcourier.com,Unblocked,200,
https://www.registercitizen.com,Blocked,451,
http://www.thetelegraph.com,Blocked,451,
https://pilotonline.com,Blocked,451,
http://www.thevindicator.com,Blocked,451,
https://www.wacotrib.com,Blocked,451,
https://tucson.com,Blocked,451,
https://lompocrecord.com,Blocked,451,
https://santamariatimes.com,Blocked,451,
https://magicvalley.com,Blocked,451,
https://www.pantagraph.com,Blocked,451,
https://thesouthern.com,Blocked,451,
https://herald-review.com,Blocked,451,
https://qconline.com,Blocked,451,
https://www.daily-journal.com,Blocked,451,
https://jg-tc.com,Blocked,451,
https://www.nwitimes.com,Blocked,451,
https://qctimes.com,Blocked,451,
https://globegazette.com,Blocked,451,
https://muscatinejournal.com,Blocked,451,
https://wcfcourier.com,Blocked,451,
https://www.winonadailynews.com,Blocked,451,
https://dailyjournalonline.com,Blocked,451,
https://billingsgazette.com,Blocked,451,
https://mtstandard.com,Blocked,451,
https://ravallirepublic.com,Blocked,451,
https://helenair.com,Blocked,451,
https://missoulian.com,Blocked,451,
https://beatricedailysun.com,Blocked,451,
https://missoulanews.com,Blocked,451,
https://columbustelegram.com,Blocked,451,
https://fremonttribune.com,Blocked,451,
https://journalstar.com,Blocked,451,
https://elkodaily.com,Blocked,451,
https://auburnpub.com,Blocked,451,
https://poststar.com,Blocked,451,
https://bismarcktribune.com,Blocked,451,
https://democratherald.com,Blocked,451,
https://theworldlink.com,Blocked,451,
https://www.gazettetimes.com,Blocked,451,
https://lebanon-express.com,Blocked,451,
https://cumberlink.com,Blocked,451,
https://thetandd.com,Blocked,451,
https://tdn.com,Blocked,451,
https://lacrossetribune.com,Blocked,451,
https://chippewa.com,Blocked,451,
https://madison.com,Blocked,451,
https://www.wiscnews.com,Blocked,451,
https://trib.com,Blocked,451,
http://www.edmondsun.com,Blocked,451,
https://www.indiawest.com,Blocked,451,
http://www.eagletribune.com,Blocked,451,
https://www.tribdem.com,Blocked,451,
https://www.joplinglobe.com,Blocked,451,
http://www.times-news.com,Blocked,451,
http://www.salemnews.com,Blocked,451,
https://www.register-herald.com,Blocked,451,
http://www.tribstar.com,Blocked,451,
http://www.heraldbulletin.com,Blocked,451,
http://www.kokomotribune.com,Blocked,451,
http://www.mankatofreepress.com,Blocked,451,
https://www.sharonherald.com,Blocked,451,
http://www.bdtonline.com,Blocked,451,
http://www.southernminn.com,Blocked,451,
https://lancasteronline.com,Blocked,451,
http://www.hastingstribune.com,Blocked,451,
http://www.technicianonline.com,Blocked,451,
http://www.ccenterdispatch.com,Blocked,451,
http://blog.chron.com,Blocked,451,
http://www.agrinews-pubs.com,Blocked,451,
https://www.theeagle.com,Blocked,451,
https://www.journalnow.com,Blocked,451,
https://www.greensboro.com,Blocked,451,
https://www.roanoke.com,Blocked,451,
https://www.tulsaworld.com,Blocked,451,
https://www.pressofatlanticcity.com,Blocked,451,
http://www.independentri.com,Blocked,451,
http://www.mysuncoast.com,Blocked,451,
https://www.murrayledger.com,Blocked,451,
https://www.anchoragepress.com,Blocked,451,
https://www.bgdailynews.com,Blocked,451,
https://www.southbendtribune.com,Blocked,451,
http://www.hidesertstar.com,Blocked,451,
http://www.newsminer.com,Blocked,451,
http://www.kodiakdailymirror.com,Blocked,451,
https://www.pvnews.com,Blocked,451,
http://tbrnews.com,Blocked,451,
http://www.gazettes.com,Blocked,451,
http://www.pressandguide.com,Blocked,451,
http://www.voicenews.com,Blocked,451,
http://www.thenewsherald.com,Blocked,451,
http://www.southjerseylocalnews.com,Blocked,451,
http://www.cnweekly.com,Blocked,451,
http://www.mainlinemedianews.com,Blocked,451,
http://www.buckslocalnews.com,Blocked,451,
http://www.montgomerynews.com,Blocked,451,
http://www.delconewsnetwork.com,Blocked,451,
http://www.marinscope.com,Blocked,451,
https://www.wvgazettemail.com,Blocked,451,
https://www.westport-news.com,Blocked,451,
https://www.agupdate.com,Blocked,451,
http://www.uatrav.com,Blocked,451,
http://www.laloyolan.com,Blocked,451,
https://www.alligator.org,Blocked,451,
http://www.manoanow.org,Blocked,451,
http://www.videtteonline.com,Blocked,451,
https://northernstar.info,Blocked,451,
https://www.purdueexponent.org,Blocked,451,
http://www.iowastatedaily.com,Unblocked,200,
http://www.kansan.com,Blocked,451,
http://www.washburnreview.org,Blocked,451,
http://www.kykernel.com,Blocked,451,
https://wkuherald.com,Blocked,451,
http://www.thetrailblazeronline.net,Blocked,451,
http://www.lsunow.com,Blocked,451,
http://www.southerndigest.com,Blocked,451,
https://www.thevermilion.com,Blocked,451,
http://www.westernherald.com,Blocked,451,
https://www.thesouthend.wayne.edu,Blocked,451,
http://www.reflector-online.com,Blocked,451,
https://www.thechartonline.com,Blocked,451,
https://www.nwmissourinews.com,Blocked,451,
http://www.montanakaimin.com,Blocked,451,
http://www.dailynebraskan.com,Blocked,451,
http://www.thepauwwow.org,Blocked,451,
http://www.thecolgatemaroonnews.com,Blocked,451,
http://www.ioniannews.com,Blocked,451,
http://www.theeastcarolinian.com,Blocked,451,
https://www.bgfalconmedia.com,Blocked,451,
http://www.ocolly.com,Blocked,451,
http://www.orangemedianetwork.com,Blocked,451,
https://www.collegian.psu.edu,Blocked,451,
http://www.villanovan.com,Blocked,451,
http://www.thetigernews.com,Blocked,451,
http://www.leeclarion.com,Blocked,451,
http://www.dailyhelmsman.com,Blocked,451,
http://www.thebatt.com,Blocked,451,
http://www.dailytoreador.com,Blocked,451,
http://www.mypatriotnews.com,Blocked,451,
http://www.collegiatetimes.com,Blocked,451,
http://www.dailyuw.com,Blocked,451,
http://www.thedaonline.com,Blocked,451,
http://www.winchesterstar.com,Blocked,451,
http://www.kmaland.com,Unblocked,200,
http://www.newspressnow.com,Blocked,451,
https://www.bakersfield.com,Blocked,451,
https://www.aberdeennews.com,Blocked,451,
https://siouxcityjournal.com,Blocked,451,
http://www.phillytrib.com,Blocked,451,
http://www.mingomessenger.com,Blocked,451,
https://www.free-times.com,Unblocked,200,
https://www.southstrandnews.com,Unblocked,200,
https://www.moultrienews.com,Unblocked,200,
https://www.northaugustastar.com,Unblocked,200,
https://www.aikenstandard.com,Unblocked,200,
https://www.kingstreenews.com,Unblocked,200,
https://www.berkeleyind.com,Unblocked,200,
https://www.ourgazette.com,Unblocked,200,
https://www.journalscene.com,Unblocked,200,
https://www.frontiersman.com,Blocked,451,
https://www.willcoxrangenews.com,Blocked,451,
https://www.myheraldreview.com,Blocked,451,
https://www.nogalesinternational.com,Blocked,451,
https://www.eacourier.com,Blocked,451,
https://www.douglasdispatch.com,Blocked,451,
https://www.gvnews.com,Blocked,451,
https://www.parkerpioneer.net,Blocked,451,
https://www.bensonnews-sun.com,Blocked,451,
https://www.sahuaritasun.com,Blocked,451,
https://www.havasunews.com,Blocked,451,
https://www.montrosepress.com,Blocked,451,
https://www.argusobserver.com,Blocked,451,
https://www.iberianet.com,Blocked,451,
https://www.sidneyherald.com,Blocked,451,
https://www.willistonherald.com,Blocked,451,
https://www.capjournal.com,Blocked,451,
https://www.hmbreview.com,Blocked,451,
https://www.wahpetondailynews.com,Blocked,451,
https://www.myjournalcourier.com,Blocked,451,
https://www.kenoshanews.com,Blocked,451,
http://www.thesunchronicle.com,Blocked,451,
http://www.lakegenevanews.net,Blocked,451,
https://www.cnhi.com,Blocked,451,
http://www.enewscourier.com,Blocked,451,
http://www.cullmantimes.com,Blocked,451,
http://www.njeffersonnews.com,Blocked,451,
http://www.newsaegis.com,Blocked,451,
https://www.suwanneedemocrat.com,Blocked,451,
http://www.unionrecorder.com,Blocked,451,
http://www.moultrieobserver.com,Blocked,451,
http://www.timesenterprise.com,Blocked,451,
https://www.valdostadailytimes.com,Blocked,451,
http://www.tiftongazette.com,Blocked,451,
http://www.dailyiowegian.com,Blocked,451,
http://www.clintonherald.com,Blocked,451,
http://www.oskaloosa.com,Blocked,451,
http://www.ottumwacourier.com,Blocked,451,
http://www.journalexpress.net,Blocked,451,
http://www.pellachronicle.com,Blocked,451,
http://www.commercial-news.com,Blocked,451,
http://www.effinghamdailynews.com,Blocked,451,
http://www.shelbyvilledailyunion.com,Blocked,451,
http://www.goshennews.com,Blocked,451,
http://www.greensburgdailynews.com,Blocked,451,
https://www.newsandtribune.com,Blocked,451,
http://www.reporter.net,Blocked,451,
http://www.pharostribune.com,Blocked,451,
http://www.washtimesherald.com,Blocked,451,
http://www.rushvillerepublican.com,Blocked,451,
http://www.flyergroup.com,Blocked,451,
http://www.batesvilleheraldtribune.com,Blocked,451,
https://www.timessentinel.com,Blocked,451,
https://www.farmtalknewspaper.com,Blocked,451,
http://www.dailyindependent.com,Blocked,451,
http://www.thetimestribune.com,Blocked,451,
http://www.glasgowdailytimes.com,Blocked,451,
http://www.richmondregister.com,Blocked,451,
http://www.somerset-kentucky.com,Blocked,451,
http://www.journal-times.com,Blocked,451,
http://www.sentinel-echo.com,Blocked,451,
https://www.wcoutlook.com,Blocked,451,
http://www.themoreheadnews.com,Blocked,451,
http://www.gloucestertimes.com,Blocked,451,
http://www.andovertownsman.com,Blocked,451,
http://www.hgazette.com,Blocked,451,
http://www.record-eagle.com,Blocked,451,
http://www.homemagonline.com,Blocked,451,
https://www.thelandonline.com,Blocked,451,
http://www.meridianstar.com,Blocked,451,
http://www.carriagetownenews.com,Blocked,451,
http://www.derrynews.com,Blocked,451,
http://www.lockportjournal.com,Blocked,451,
http://www.niagara-gazette.com,Blocked,451,
http://www.thedailystar.com,Blocked,451,
http://www.pressrepublican.com,Blocked,451,
http://www.coopercrier.com,Blocked,451,
http://www.starbeacon.com,Blocked,451,
http://www.theadanews.com,Blocked,451,
http://www.claremoreprogress.com,Blocked,451,
http://www.duncanbanner.com,Blocked,451,
https://www.enidnews.com,Blocked,451,
http://www.mcalesternews.com,Blocked,451,
http://www.muskogeephoenix.com,Blocked,451,
http://www.normantranscript.com,Blocked,451,
http://www.stwnewspress.com,Blocked,451,
http://www.tahlequahdailypress.com,Blocked,451,
http://www.woodwardnews.net,Blocked,451,
http://www.chickashanews.com,Blocked,451,
https://www.mooreamerican.com,Blocked,451,
http://www.paulsvalleydailydemocrat.com,Blocked,451,
http://www.meadvilletribune.com,Blocked,451,
http://www.ncnewsonline.com,Blocked,451,
https://www.dailyitem.com,Blocked,451,
http://www.alliednews.com,Blocked,451,
http://www.crossville-chronicle.com,Blocked,451,
http://www.athensreview.com,Blocked,451,
http://www.cleburnetimesreview.com,Blocked,451,
http://www.corsicanadailysun.com,Blocked,451,
http://www.gainesvilleregister.com,Blocked,451,
http://www.heraldbanner.com,Blocked,451,
http://www.itemonline.com,Blocked,451,
http://www.palestineherald.com,Blocked,451,
http://www.weatherforddemocrat.com,Blocked,451,
http://www.jacksonvilleprogress.com,Blocked,451,
http://www.mineralwellsindex.com,Blocked,451,
http://www.rockwallheraldbanner.com,Blocked,451,
http://www.roysecityheraldbanner.com,Blocked,451,
http://www.timeswv.com,Blocked,451,
http://www.montgomery-herald.com,Blocked,451,
http://www.fayettetribune.com,Blocked,451,
http://www.ptonline.net,Blocked,451,
https://www.elvocero.com,Unblocked,200,
https://www.dentonrc.com,Blocked,451,
http://www.aimmediatexas.com,Blocked,451,
https://www.themonitor.com,Blocked,451,
https://www.valleymorningstar.com,Blocked,451,
https://www.brownsvilleherald.com,Blocked,451,
https://www.oaoa.com,Blocked,451,
http://www.elextratx.com,Blocked,451,
http://www.elnuevoheraldo.com,Blocked,451,
https://www.theadvocate.com,Unblocked,200,
https://www.pinalcentral.com,Blocked,451,
https://www.conwaydailysun.com,Blocked,451,
https://www.laconiadailysun.com,Blocked,451,
http://www.herald-dispatch.com,Blocked,451,
http://www.loganbanner.com,Blocked,451,
http://www.williamsondailynews.com,Blocked,451,
http://www.kpcnews.com,Blocked,451,
https://www.ashepostandtimes.com,Blocked,451,
http://www.mycouriertribune.com,Blocked,451,
http://www.dailystarjournal.com,Blocked,451,
http://www.gladstonedispatch.com,Blocked,451,
http://www.greenacressells.com,Blocked,451,
http://www.hiawathaworldonline.com,Blocked,451,
http://www.republic-online.com,Blocked,451,
http://www.kentuckybarkleynews.com,Blocked,451,
http://www.paducahsun.com,Blocked,451,
https://times-georgian.com,Unblocked,200,
https://douglascountysentinel.com,Unblocked,200,
https://griffindailynews.com,Unblocked,200,
https://www.thenewsdispatch.com,Blocked,451,
http://www.suncommercial.com,Blocked,451,
http://www.the-messenger.com,Blocked,451,
http://www.messenger-inquirer.com,Blocked,451,
https://www.heraldpalladium.com,Blocked,451,
https://thedigitalcourier.com,Unblocked,200,
https://hendersondispatch.com,Unblocked,200,
https://enquirerjournal.com,Unblocked,200,
https://sanfordherald.com,Unblocked,200,
https://themountainpress.com,Unblocked,200,
https://hpenews.com,Unblocked,200,
https://www.townnews365.com,Unblocked,200,
https://www.goskagit.com,Blocked,451,
https://www.idahopress.com,Blocked,451,
https://www.idahostatejournal.com,Blocked,451,
https://www.hjnews.com,Blocked,451,
https://www.rexburgstandardjournal.com,Blocked,451,
https://www.tetonvalleynews.net,Blocked,451,
http://www.belgrade-news.com,Blocked,451,
https://www.bozemandailychronicle.com,Blocked,451,
https://www.heraldandnews.com,Blocked,451,
https://www.apgwest.com,Blocked,451,
http://www.lakecountyexam.com,Blocked,451,
https://www.woonsocketcall.com,Blocked,451,
https://www.ricentral.com,Blocked,451,
http://baycitytribune.com,Blocked,451,
http://baytownsun.com,Blocked,451,
http://delrionewsherald.com,Blocked,451,
http://thefacts.com,Blocked,451,
http://times-journal.com,Blocked,451,
https://www.galvnews.com,Blocked,451,
http://dailytimes.com,Blocked,451,
http://lufkindailynews.com,Blocked,451,
http://dailysentinel.com,Blocked,451,
http://theparisnews.com,Blocked,451,
http://www.sandmountainreporter.com,Blocked,451,
http://jcsentinel.com,Blocked,451,
https://www.ssnewstelegram.com,Blocked,451,
https://www.tbnweekly.com,Blocked,451,
http://www.suncoastnews.com,Blocked,451,
https://www.americanisraelite.com,Blocked,451,
https://www.clevelandjewishnews.com,Blocked,451,
http://www.stljewishlight.com,Blocked,451,
http://www.thejournal-news.net,Blocked,451,
http://www.ladowntownnews.com,Blocked,451,
http://www.montereycountyweekly.com,Blocked,451,
https://www.insidetucsonbusiness.com,Blocked,451,
https://www.tucsonlocalmedia.com,Blocked,451,
https://www.lancasterfarming.com,Blocked,451,
https://www.flyafter5.com,Blocked,451,
https://www.lavozlancaster.com,Blocked,451,
https://www.delaware1059.com,Blocked,451,
https://www.annistonstar.com,Blocked,451,
http://www.southeastsun.com,Blocked,451,
https://www.decaturdaily.com,Blocked,451,
https://www.dothaneagle.com,Blocked,451,
https://www.oanow.com,Blocked,451,
https://www.timesdaily.com,Blocked,451,
https://www.yumasun.com,Blocked,451,
http://www.ahwatukee.com,Blocked,451,
http://www.mohavedailynews.com,Blocked,451,
http://www.eastvalleytribune.com,Blocked,451,
https://www.fhtimes.com,Blocked,451,
http://www.jewishaz.com,Blocked,451,
https://www.westvalleyview.com,Blocked,451,
https://www.lodinews.com,Blocked,451,
https://www.appeal-democrat.com,Blocked,451,
https://www.recorderonline.com,Blocked,451,
https://www.smdailyjournal.com,Unblocked,200,
http://www.championnewspapers.com,Blocked,451,
https://www.chieftain.com,Blocked,451,
https://www.gjsentinel.com,Blocked,451,
https://www.aspendailynews.com,Unblocked,200,
https://www.telluridenews.com,Blocked,451,
http://www.journalinquirer.com,Blocked,451,
https://www.newarkpostonline.com,Blocked,451,
https://www.thevillagesdailysun.com,Blocked,451,
http://www.theblacksheartimes.com,Blocked,451,
https://www.gwinnettdailypost.com,Blocked,451,
https://www.henryherald.com,Blocked,451,
https://www.mdjonline.com,Blocked,451,
https://www.redandblack.com,Blocked,451,
https://www.rockdalenewtoncitizen.com,Blocked,451,
http://www.northwestgeorgianews.com,Blocked,451,
https://lmtribune.com,Blocked,451,
https://dnews.com,Blocked,451,
https://www.elkharttruth.com,Blocked,451,
http://www.newsbug.info,Blocked,451,
http://www.indianapolisrecorder.com,Blocked,451,
http://www.communitynewspapergroup.com,Blocked,451,
http://www.collectorsjournal.com,Blocked,451,
http://www.shorelinemedia.net,Blocked,451,
http://www.swiowanewssource.com,Blocked,451,
http://www.winchesternewsgazette.com,Blocked,451,
http://www.hartfordcitynewstimes.com,Blocked,451,
http://www.iosconews.com,Blocked,451,
http://www.fltimes.com,Blocked,451,
http://www.oleantimesherald.com,Blocked,451,
http://www.salamancapress.com,Blocked,451,
http://www.tiogapublishing.com,Blocked,451,
http://www.thecourierexpress.com,Blocked,451,
http://www.theprogressnews.com,Blocked,451,
http://www.bradfordera.com,Blocked,451,
http://kokomoperspective.com,Blocked,451,
https://www.nuvo.net,Blocked,451,
http://www.telegraphherald.com,Blocked,451,
http://www.cpioneer.com,Blocked,451,
http://www.dyersvillecommercial.com,Blocked,451,
http://www.manchesterpress.com,Blocked,451,
http://www.easterniowashoppingnews.com,Blocked,451,
http://www.unifiednewsgroup.com,Blocked,451,
https://www.sustainablecitynetwork.com,Blocked,451,
https://www.energy-tech.com,Blocked,451,
http://www.abilene-rc.com,Blocked,451,
http://www.jcdailyunion.com,Blocked,451,
http://www.emporiagazette.com,Blocked,451,
http://themercury.com,Blocked,451,
http://www.ctnewsonline.com,Blocked,451,
https://www.bladeempire.com,Unblocked,200,
http://www.hpj.com,Blocked,451,
http://www.floydct.com,Blocked,451,
http://www.kentuckynewera.com,Blocked,451,
https://www.paintsvilleherald.com,Blocked,451,
http://www.sulphurdailynews.com,Blocked,451,
https://www.fredericknewspost.com,Blocked,451,
https://www.heraldmailmedia.com,Blocked,451,
https://www.myeasternshoremd.com,Blocked,451,
https://www.stardem.com,Blocked,451,
https://www.wdel.com,Blocked,451,
http://www.dailycitizen.news,Blocked,451,
https://thebrunswicknews.com,Blocked,451,
https://thehockeynews.com,Unblocked,200,
http://www.mississippivalleypublishing.com,Blocked,451,
https://www.cadillacnews.com,Blocked,451,
https://www.petoskeynews.com,Blocked,451,
https://www.farmforum.net,Blocked,451,
https://www.ndinsider.com,Blocked,451,
https://www.dailyamerican.com,Blocked,451,
https://www.thepublicopinion.com,Blocked,451,
https://www.tctimes.com,Blocked,451,
http://www.sunad.com,Blocked,451,
https://www.macombdaily.com,Blocked,451,
https://www.harborcountry-news.com,Blocked,451,
https://www.argus-press.com,Blocked,451,
https://www.theoaklandpress.com,Blocked,451,
https://www.postbulletin.com,Blocked,451,
https://www.virginiamn.com,Blocked,451,
https://www.swnewsmedia.com,Blocked,451,
http://www.pinecitymn.com,Blocked,451,
http://www.djournal.com,Blocked,451,
http://www.gwcommonwealth.com,Blocked,451,
http://www.ddtonline.com,Blocked,451,
http://www.pressregister.com,Blocked,451,
https://www.columbiamissourian.com,Unblocked,200,
http://www.maryvilledailyforum.com,Blocked,451,
https://www.sedaliademocrat.com,Blocked,451,
https://www.themountaineer.com,Blocked,451,
https://www.theindependent.com,Blocked,451,
https://www.kearneyhub.com,Blocked,451,
http://norfolkdailynews.com,Unblocked,200,
https://www.yorknewstimes.com,Blocked,451,
http://www.alliancetimes.com,Blocked,451,
https://www.wahoo-ashland-waverly.com,Blocked,451,
http://www.enterprisepub.com,Blocked,451,
https://www.nelighnews.com,Blocked,451,
http://www.creightonnews.com,Blocked,451,
http://www.brenhambanner.com,Blocked,451,
http://www.holtindependent.com,Blocked,451,
https://www.eagletimes.com,Blocked,451,
https://www.sentinelsource.com,Blocked,451,
https://www.capemaycountyherald.com,Blocked,451,
http://www.centraljersey.com,Blocked,451,
http://www.riograndesun.com,Blocked,451,
http://www.santafenewmexican.com,Blocked,451,
http://www.news-bulletin.com,Blocked,451,
https://mywnynews.com,Unblocked,200,
http://thechiefleader.com,Blocked,451,
http://www.caswellmessenger.com,Blocked,451,
https://rrdailyherald.com,Unblocked,200,
https://www.hickoryrecord.com,Blocked,451,
https://www.independenttribune.com,Blocked,451,
https://www.mcdowellnews.com,Blocked,451,
http://www.mebaneenterprise.com,Blocked,451,
https://www.morganton.com,Blocked,451,
http://www.newsoforange.com,Blocked,451,
https://newstopicnews.com,Unblocked,200,
https://www.statesville.com,Blocked,451,
http://www.thesylvaherald.com,Blocked,451,
http://www.warrenrecord.com,Blocked,451,
https://www.wataugademocrat.com,Blocked,451,
https://www.averyjournal.com,Blocked,451,
https://www.highcountrync.com,Blocked,451,
https://www.journalpatriot.com,Blocked,451,
http://www.hillsborobanner.com,Blocked,451,
http://wire.lee.net,Blocked,451,
https://www.fredericksburg.com,Blocked,451,
http://www.glendalestar.com,Unblocked,200,
http://www.wtxl.com,Blocked,451,
http://www.youralaskalink.com,Blocked,451,
https://www.kpvi.com,Blocked,451,
https://www.deltanews.tv,Blocked,451,
http://herald-zeitung.com,Blocked,451,
http://kdhnews.com,Unblocked,200,
https://www.lifebuzz.com,Blocked,451,
https://starlocalmedia.com,Blocked,451,
http://www.insidenova.com,Blocked,451,
http://www.newjerseyhills.com,Blocked,451,
http://www.philadelphiaweekly.com,Blocked,451,
http://www.stlamerican.com,Blocked,451,
http://www.union-bulletin.com,Blocked,451,
https://www.yakimaherald.com,Unblocked,200,
https://observer-reporter.com,Blocked,451,
https://tylerpaper.com,Blocked,451,
https://www.bonefishgrill.com,Blocked,451,
https://www.carrabbas.com,Blocked,451,
https://www.dailytribune.com,Blocked,451,
https://www.gazettextra.com,Blocked,451,
https://www.heraldcourier.com,Blocked,451,
https://www.heraldextra.com,Blocked,451,
https://www.hometownsource.com,Blocked,451,
https://www.ktbs.com,Blocked,451,
https://www.mtexpress.com,Blocked,451,
https://www.news-journal.com,Blocked,451,
https://www.newsadvance.com,Blocked,451,
https://www.nrtoday.com,Blocked,451,
https://www.outback.com,Blocked,451,
https://www.scnow.com,Blocked,451,
https://www.thedailytimes.com,Blocked,451,
https://www.themorningsun.com,Blocked,451,
https://www.timesherald.com,Blocked,451,
https://www.trinidadexpress.com,Unblocked,200,
https://www.victoriaadvocate.com,Blocked,451,
https://www.watchdog.org,Blocked,451,
https://www.wsmv.com,Blocked,451,
https://www.wvnews.com,Blocked,451,
https://www.wyomingnews.com,Blocked,451,
https://hanfordsentinel.com,Blocked,451,
https://www.heraldstandard.com,Blocked,451,
https://www.jhnewsandguide.com,Blocked,451,
https://www.loudountimes.com,Blocked,451,
https://www.starherald.com,Blocked,451,
https://www.athensnews.com,Blocked,451,
http://www.chroniclejournal.com,Blocked,451,
http://www.chronline.com,Blocked,451,
http://www.emissourian.com,Blocked,451,
http://www.fairfaxtimes.com,Blocked,451,
https://www.godanriver.com,Blocked,451,
https://www.indianagazette.com,Blocked,451,
http://www.kelownadailycourier.ca,Blocked,451,
http://www.malibutimes.com,Blocked,451,
https://www.martinsvillebulletin.com,Blocked,451,
https://www.nptelegraph.com,Blocked,451,
https://www.postregister.com,Blocked,451,
http://www.qchron.com,Blocked,451,
http://www.somdnews.com,Blocked,451,
http://www.thepilot.com,Blocked,451,
https://www.thereporteronline.com,Blocked,451,
http://www.virginislandsdailynews.com,Blocked,451,
https://www.wisconsingazette.com,Blocked,451,
https://www.yankton.net,Blocked,451,
http://homenewshere.com,Blocked,451,
https://www.americanpress.com,Blocked,451,
http://www.bhpioneer.com,Blocked,451,
http://www.calaverasenterprise.com,Blocked,451,
http://www.codyenterprise.com,Blocked,451,
http://www.columbiachronicle.com,Blocked,451,
http://www.dnronline.com,Blocked,451,
http://www.elpasoinc.com,Blocked,451,
http://www.goldenstatenewspapers.com,Blocked,451,
http://www.hngnews.com,Blocked,451,
http://www.indexjournal.com,Blocked,451,
http://www.insideradio.com,Blocked,451,
http://www.journalreview.com,Blocked,451,
http://www.laramieboomerang.com,Blocked,451,
http://www.newstrib.com,Blocked,451,
https://www.presspubs.com,Blocked,451,
http://www.ptleader.com,Blocked,451,
http://www.thenewsenterprise.com,Blocked,451,
https://www.caledonianrecord.com,Blocked,451,
https://www.capenews.net,Blocked,451,
https://www.cecildaily.com,Blocked,451,
https://www.chronicleonline.com,Blocked,451,
https://www.citizentribune.com,Blocked,451,
https://www.crescent-news.com,Blocked,451,
https://www.dailyrecordnews.com,Blocked,451,
https://www.gillettenewsrecord.com,Blocked,451,
https://www.greenevillesun.com,Blocked,451,
https://www.ithaca.com,Blocked,451,
https://www.ivpressonline.com,Blocked,451,
https://www.lakeexpo.com,Blocked,451,
https://www.lincolntimesnews.com,Blocked,451,
https://www.murfreesboropost.com,Blocked,451,
https://www.northfulton.com,Blocked,451,
https://www.paysonroundup.com,Blocked,451,
https://www.starexponent.com,Blocked,451,
https://www.thedailyreview.com,Blocked,451,
https://www.wmicentral.com,Blocked,451,
http://bloxcms.com,Blocked,451,
http://harrisondaily.com,Blocked,451,
http://seguingazette.com,Blocked,451,
http://www.carolinacoastonline.com,Blocked,451,
http://www.gettysburgtimes.com,Blocked,451,
http://www.hibbingmn.com,Blocked,451,
http://www.sent-trib.com,Blocked,451,
http://www.sonomawest.com,Blocked,451,
http://www.theshorthorn.com,Blocked,451,
http://www.thesuburban.com,Blocked,451,
https://www.crowrivermedia.com,Blocked,451,
https://www.fauquier.com,Blocked,451,
https://www.marshallnewsmessenger.com,Blocked,451,
https://www.news-daily.com,Blocked,451,
https://www.newsitem.com,Blocked,451,
https://www.postguam.com,Blocked,451,
https://www.richlandsource.com,Blocked,451,
https://www.stowetoday.com,Blocked,451,
https://www.swvatoday.com,Blocked,451,
https://www.tribuneledgernews.com,Blocked,451,
https://www.bloominbrands.com,Blocked,451,
http://www.apg-wi.com,Blocked,451,
http://www.dcmilitary.com,Blocked,451,
http://www.tdtnews.com,Blocked,451,
http://www.forthoodsentinel.com,Blocked,451,
https://www.dailylocal.com,Blocked,451,
https://www.delcotimes.com,Blocked,451,
https://www.fox10tv.com,Blocked,451,
https://www.kctv5.com,Blocked,451,
https://www.nonpareilonline.com,Blocked,451,
https://www.pottsmerc.com,Blocked,451,
https://www.trentonian.com,Blocked,451,
http://bolivarmonews.com,Blocked,451,
http://bransontrilakesnews.com,Blocked,451,
http://katytimes.com,Blocked,451,
http://www.dchieftain.com,Blocked,451,
http://www.enterprise-journal.com,Blocked,451,
http://www.fbherald.com,Blocked,451,
http://www.feastmagazine.com,Blocked,451,
http://www.hannapub.com,Blocked,451,
https://www.insightnews.com,Blocked,451,
http://www.kentwired.com,Blocked,451,
http://www.messagemedia.co,Blocked,451,
http://www.oswegocountynewsnow.com,Blocked,451,
http://www.thederrick.com,Blocked,451,
http://www.walkermn.com,Blocked,451,
https://lexch.com,Blocked,451,
https://thealmanac.net,Blocked,451,
https://www.beacononlinenews.com,Blocked,451,
https://www.celebretainment.com,Blocked,451,
https://www.dailyunion.com,Blocked,451,
https://www.heraldchronicle.com,Blocked,451,
https://www.highlandnews.net,Blocked,451,
https://www.livingstonparishnews.com,Blocked,451,
https://www.morongocasinoresort.com,Blocked,451,
https://www.myhorrynews.com,Blocked,451,
https://www.northcentralpa.com,Blocked,451,
https://www.parsonssun.com,Blocked,451,
https://www.thefranklinnewspost.com,Blocked,451,
https://www.thenewsguard.com,Blocked,451,
https://www.thepress.net,Blocked,451,
https://www.tillamookheadlightherald.com,Blocked,451,
https://www.yoursun.com,Blocked,451,
https://www.thechronicleonline.com,Blocked,451,
https://www.thechiefnews.com,Blocked,451,
http://cedarrepublican.com,Blocked,451,
http://www.advocateanddemocrat.com,Blocked,451,
http://www.alvinsun.net,Blocked,451,
http://www.banderabulletin.com,Blocked,451,
http://www.camplejeuneglobe.com,Blocked,451,
http://www.choteauacantha.com,Blocked,451,
https://www.creightonian.com,Blocked,451,
http://www.derbyinformer.com,Blocked,451,
http://www.esubulletin.com,Blocked,451,
http://www.newportplaintalk.com,Blocked,451,
http://www.news-graphic.com,Blocked,451,
http://www.perryvillenews.com,Blocked,451,
http://www.portlavacawave.com,Blocked,451,
http://www.sanfernandosun.com,Blocked,451,
http://www.timesleader.net,Blocked,451,
http://www.trinityjournal.com,Blocked,451,
http://www.wpnews.com,Blocked,451,
https://www.jacksonprogress-argus.com,Blocked,451,
https://www.primepublishers.com/,Blocked,451,
https://www.voiceofalexandria.com,Blocked,451,
https://www.avenuenews.com,Blocked,451,
https://buffaloreflex.com,Blocked,451,
https://ccheadliner.com,Blocked,451,
http://fortcampbellcourier.com,Blocked,451,
https://www.boarsheadresort.com,Blocked,451,
http://www.coronadonewsca.com,Blocked,451,
http://www.ifiberone.com,Blocked,451,
http://www.morning-times.com,Blocked,451,
http://www.mountain-news.com,Blocked,451,
http://www.rrobserver.com,Blocked,451,
http://www.standard-journal.com,Blocked,451,
http://www.thecrier.net,Blocked,451,
http://www.titusvilleherald.com,Blocked,451,
http://www.waltontribune.com,Blocked,451,
http://www.yourgv.com,Blocked,451,
https://www.dallasweekly.com,Blocked,451,
https://www.elkvalleytimes.com,Blocked,451,
https://www.ifallsjournal.com,Blocked,451,
https://www.indiaabroad.com,Blocked,451,
https://www.mysoutex.com,Blocked,451,
http://www.ashleycountyledger.com,Blocked,451,
http://www.buffalobulletin.com,Blocked,451,
http://www.elgincourier.com,Blocked,451,
http://www.galtheraldonline.com,Blocked,451,
http://www.leader-news.com,Blocked,451,
http://www.marysvilleonline.net,Blocked,451,
http://www.moabsunnews.com,Blocked,451,
http://www.oconeeenterprise.com,Blocked,451,
http://www.thearabtribune.com,Blocked,451,
http://www.theclarionnews.com,Blocked,451,
http://www.theflume.com,Blocked,451,
http://www.wickenburgsun.com,Blocked,451,
http://www.wspynews.com,Blocked,451,
https://www.easternprogress.com,Blocked,451,
https://www.houmatimes.com,Blocked,451,
https://www.inforney.com,Blocked,451,
https://www.isustudentmedia.com,Blocked,451,
https://www.newsmirror.net,Blocked,451,
https://www.obsentinel.com,Blocked,451,
https://www.pvvt.com,Blocked,451,
https://www.rawlinstimes.com,Blocked,451,
https://www.southernchestercountyweeklies.com,Blocked,451,
https://www.thepenn.org,Blocked,451,
https://www.theredstonerocket.com,Blocked,451,
https://www.tv6tnt.com,Blocked,451,
http://www.burnettcountysentinel.com,Blocked,451,
http://www.covingtonleader.com,Blocked,451,
http://www.minicassia.com,Blocked,451,
http://www.shipnc.com,Blocked,451,
http://www.bctv.org,Blocked,451,
http://www.bigbeargrizzly.net,Blocked,451,
http://www.businessnorth.com,Blocked,451,
http://www.desototimes.com,Blocked,451,
http://www.egcitizen.com,Blocked,451,
http://www.fortworthbusiness.com,Blocked,451,
http://www.grandrapidsmn.com,Blocked,451,
http://www.independentnews.com,Blocked,451,
http://www.magnoliareporter.com,Blocked,451,
https://www.morganhilltimes.com,Unblocked,200,
http://www.newsrecord.org,Blocked,451,
http://www.parispi.net,Blocked,451,
http://www.pentictonherald.ca,Blocked,451,
http://www.tehachapinews.com,Blocked,451,
http://www.themountainmail.com,Blocked,451,
http://www.thereflector.com,Blocked,451,
http://www.utdailybeacon.com,Blocked,451,
http://www.wdtimes.com,Blocked,451,
http://www.wyomingbusinessreport.com,Blocked,451,
https://syvnews.com,Blocked,451,
https://www.athensmessenger.com,Blocked,451,
https://www.atlanticcityweekly.com,Blocked,451,
https://www.breezejmu.org,Blocked,451,
https://www.circlevilleherald.com,Blocked,451,
https://www.fontanaheraldnews.com,Blocked,451,
https://www.heraldargus.com,Blocked,451,
https://www.houstonherald.com,Blocked,451,
https://www.logandaily.com,Blocked,451,
https://www.mooresvilletribune.com,Blocked,451,
https://www.pawtuckettimes.com,Blocked,451,
https://www.tullahomanews.com,Blocked,451,
https://www.voxmagazine.com,Unblocked,200,
http://www.laduenews.com,Blocked,451,
https://www.hoosiertimes.com,Blocked,451,
